"","saledate","neigh","saleprice","landval","imprval","totalval","mbmancls","mbyrblt","mbeffyr","heattype","baseste","garagefl","carptfl","mktrcnld","linmcls","mbmclsdv","bedrooms","baths","familyrm","fireplcs","flrarea1","flrarea2","bsmtfin","mbmktval","mb_rcn","cp_mancl","cp_area","cpmktval","cp_rcn","gr_mancl","gar_area","gar_type","grmktval","gr_rcn","ob1mktval","lcs_val","width","depth","lot_size","conduit","alley","sidewalk","culdesac","corner","wooded","pie_shpe","slope","abv_road","splitlvl","crwlarea","bsmtarea","unfinbmt","area1_2","totarea","linmcdv","random","month"
"1",11017,716,221077.96676,50636.3,148013.8,198650.1,140,2000,2000,2,0,0,1,190804.541928,1,10,3,2.75,1,2,1375,0,950,183064.82424867,222070.1253498,931,420,7740.5362398,10058.5852731,0,0,0,0,0,0,48711.25,59.9,123.7,7412,1,0,0,0,0,0,0,1,0,0,0,1346,396,1375,2325,1.1,0.0022967,10
"2",200817,715,171606.697794,50982.404,98241.374,149223.778,90,1987,1987,3,0,1,0,136246.121179,0.945,2,3,2.25,2,1,1793,0,400,130495.13247435,192892.18287465,0,0,0,0,910,308,2,5751.1684062,7913.51715735,0,48572.47,93,120,11160,0,1,0,0,0,0,0,0,0,0,0,1793,1393,1793,2193,0.9639,0.01876649,8
"3",200517,715,123781.880376,50982.404,71031.664,122014.068,90,1989,1989,2,0,0,0,84635.836019,0.945,2,2,1,1,0,950,0,480,84636.464974425,112848.08086125,0,0,0,0,0,0,0,0,0,0,49945.48,62,115,7130,1,0,0,0,0,0,0,0,0,0,0,950,470,950,1430,0.9639,0.02751608,5
"4",230617,715,122375.268099,38809.639,84922.937,123732.576,90,1989,1989,6,1,0,1,105673.4964775,0.945,0,3,1,0,0,1128,0,750,101633.751723035,139418.9317458,921,312,4040.0502471,5940.39413835,0,0,0,0,0,0,33769.41,65,110,7150,0,0,0,0,0,0,0,0,0,0,0,1128,378,1128,1878,0.945,0.03110882,6
"5",160417,715,128001.717207,41530.61,88789.58,130320.19,90,1989,1989,2,1,1,0,113851.714018,0.945,0,3,1,0,0,1040,0,504,105799.269592345,130328.01003285,0,0,0,0,920,312,2,8052.60615705,11031.69845295,0,36170.91,60,110,6600,1,0,0,0,0,0,0,0,0,0,0,1040,536,1040,1544,0.945,0.03715873,4
"6",240717,715,126595.10493,41673.819,76187.188,117861.007,90,1985,1985,2,0,0,1,104819.914115,0.945,0,3,1,0,1,1200,0,0,100007.83006879,128071.8570726,921,296,4811.50900125,6621.2833113,0,0,0,0,0,0,42858.76,50,120,6000,0,1,0,0,0,0,0,0,0,0,0,1200,1200,1200,1200,0.945,0.03718209,7
"7",310317,715,109715.757606,48834.269,70745.246,119579.515,80,1988,1988,2,1,0,0,91586.173035,0.783,8,3,1,0,0,912,0,912,91586.900331745,116714.0981853,0,0,0,0,0,0,0,0,0,0,46376.88,62.5,118.4,7400,0,1,0,0,0,0,0,0,0,0,0,912,0,912,1762,0.84564,0.03865395,3
"8",310717,716,138173.729225,58582.304,75409.136,133991.44,90,1992,1992,2,0,0,0,90312.6079835,0.945,2,3,1,0,0,1060,0,0,90312.75174474,117594.8973045,0,0,0,0,0,0,0,0,0,0,49957.81,55.2,138.5,7645,1,0,0,0,0,0,0,1,1,0,0,1060,1060,1060,1060,0.9639,0.04497835,7
"9",150417,716,121592.881718,49078.26,62321.6,111399.86,90,1996,1996,2,0,0,0,75629.194333,0.945,-5,2,1,0,0,792,0,110,75628.637258195,94926.6249813,0,0,0,0,0,0,0,0,0,0,40049,44,114,5016,1,0,0,0,0,0,0,0,0,0,0,792,682,792,902,0.89775,0.05013293,4
"10",120317,716,120013.753384,50480.496,78525.216,129005.712,90,1996,1996,2,0,0,0,95885.153049,0.945,2,3,1,0,1,1000,0,0,95884.560033885,120352.41758925,0,0,0,0,0,0,0,0,0,0,41176.18,44,117,5148,1,0,0,0,0,0,0,1,1,0,0,1000,1000,1000,1000,0.9639,0.05040468,3
"11",51017,716,148438.063396,52973.36,81329.688,134303.048,90,1991,1991,2,0,0,0,97631.852115,0.945,4,3,1.75,1,0,1036,0,576,97631.45677159,128125.22843295,0,0,0,0,0,0,0,0,0,0,47929.43,60,120,7200,1,0,0,0,0,0,0,0,0,0,0,1036,460,1036,1612,0.9828,0.05838211,10
"12",300617,716,156333.705066,55154.616,92391.772,147546.388,90,1996,1996,2,0,0,1,117201.35091,0.945,4,3,1.5,1,1,1060,0,450,113066.09478171,136727.721333,921,264,4135.47177015,5324.1975234,0,0,0,0,0,0,44917.49,50,114,5700,1,0,0,0,0,0,0,0,0,0,0,1060,610,1060,1510,0.9828,0.05970844,6
"13",90917,715,122375.268099,41673.819,74039.053,115712.872,90,1984,1984,2,0,0,0,97195.1773485,0.945,0,2,1,0,0,972,0,380,97194.35072137,122767.0673166,0,0,0,0,0,0,0,0,0,0,42858.76,50,120,6000,0,1,0,0,0,0,0,1,0,0,0,972,592,972,1352,0.945,0.06252948,9
"14",10417,736,118140.918987,49001.436,82576.494,131577.93,90,1994,1994,2,0,0,0,99815.2259475,0.945,3,3,1.5,1,1,1037,0,400,99814.920454865,127968.3489798,0,0,0,0,0,0,0,0,0,0,39963.82,60,126.2,7572,1,0,0,0,0,0,0,0,0,0,0,1037,637,1037,1437,0.97335,0.08053904,4
"15",101017,715,129759.98255325,41673.819,69313.156,110986.975,90,1983,1983,2,0,0,1,94413.3973545,0.945,0,3,1,1,1,925,0,121,90988.950707235,118330.77515175,921,216,3423.85363215,4754.903013,0,0,0,0,0,0,42858.76,50,120,6000,0,1,0,0,0,0,0,1,0,0,0,925,804,925,1046,0.945,0.0880649,10
"16",290517,715,136441.390869,43535.536,82918.011,126453.547,90,1987,1987,3,0,1,0,118994.772379,0.945,-1,3,1.5,1,1,1001,0,652,108970.858188605,132513.0011793,0,0,0,0,920,448,2,10024.1118621,13619.40077295,0,44810.48,60,120,7200,0,1,0,0,0,0,0,0,0,0,0,1001,349,1001,1653,0.93555,0.09657348,5
"17",300617,731,116640.6037195,55124.696,73114.492,128239.188,90,1984,1984,6,0,0,1,85906.3259775,0.945,0,2,1,0,0,945,0,0,82439.66743614,95114.2333995,921,216,3467.5211088,4576.9984785,0,0,0,0,0,0,43947.37,60,110,6600,0,1,0,0,0,0,0,0,0,0,945,0,0,945,945,0.945,0.1085114,6
"18",280517,736,158884.38976585,49455.153,99364.023,148819.176,90,1998,1998,2,0,1,0,132510.1259545,0.945,2,3,1,1,1,1008,0,350,116176.926283915,127465.36434135,0,0,0,0,920,672,2,16333.25358105,21398.68087245,0,43120.93,64,110,7040,0,0,1,0,0,0,0,0,1,0,0,1008,658,1008,1358,0.9639,0.113221,5
"19",250617,736,137831.0721515,49303.914,91197.117,140501.031,140,1994,1994,2,0,1,0,119167.1754,1,0,3,2,1,0,1030,0,550,110913.64921728,138358.2304377,0,0,0,0,920,308,1,8252.8028037,11432.6246853,0,40152.48,65,120,7800,1,0,0,0,0,0,0,0,0,0,0,980,430,1030,1580,1,0.1284937,6
"20",180917,715,165980.248686,43965.163,115569.663,159534.826,92,1985,1985,2,0,1,1,173126.2702855,0.945,0,4,1.5,1,2,819,819,400,152053.082830565,167215.70660445,921,358,5359.7784303,7410.5325189,920,432,3,15713.8223382,15820.5650589,0,45171.22,62.5,120,7500,0,1,0,0,0,0,0,0,0,0,0,819,419,1638,2038,0.945,0.1386521,9
"21",260617,713,122055.273459,42853.008,68740.32,111593.328,90,1980,1980,2,0,0,0,83510.904316,0.945,0,3,1,0,1,1212,0,121,83511.01213693,129273.52133745,0,0,0,0,0,0,0,0,0,0,34475.45,50,121.9,6095,0,1,1,0,0,0,0,0,0,0,0,1212,1091,1212,1333,0.945,0.1410832,6
"22",270817,715,140661.2277,43535.536,93515.477,137051.013,92,1986,1986,2,0,0,1,127527.001973,0.945,3,4,1.75,1,1,820,820,275,123363.155328105,159997.6344456,921,288,4164.58342125,5744.6991504,0,0,0,0,0,0,44689.76,60,120.1,7206,0,1,0,0,0,1,0,0,0,0,0,820,545,1640,1915,0.97335,0.1449053,8
"23",71017,715,151914.125916,41673.819,106977.123,148650.942,140,2002,2002,2,0,0,1,133139.81226,1,0,3,1.75,0,1,1206,0,0,126608.21368923,148517.8984107,921,380,6530.9703732,8283.6415935,0,0,0,0,0,0,42858.76,50,120,6000,0,1,0,0,0,0,0,1,0,0,0,1206,1206,1206,1206,1,0.1457253,10
"24",180917,713,81370.182306,45631.872,49873.296,95505.168,80,1937,1973,2,0,0,0,72151.384893,0.783,0,4,1,0,0,816,0,0,72151.331676165,87831.72532575,0,0,0,0,0,0,0,0,0,0,41131.27,50,120,6000,0,1,0,0,0,0,0,0,0,0,0,816,816,816,816,0.783,0.1458048,9
"25",210517,731,113354.9529105,55124.696,70308.744,125433.44,90,1978,1978,2,0,0,0,79020.1625815,0.945,0,2,1,0,1,902,0,0,79020.863417545,107658.1203957,0,0,0,0,0,0,0,0,0,0,43947.37,60,110,6600,0,1,0,0,0,0,0,1,1,0,0,902,902,902,902,0.945,0.1480587,5
"26",101017,715,128705.0233455,43249.118,75041.516,118290.634,81,1985,1985,2,0,0,0,102621.5707195,0.783,3,4,1.5,1,0,979,400,270,102622.298016245,131658.98195835,0,0,0,0,0,0,0,0,0,0,44421.29,58,120,6960,0,1,0,0,0,0,0,0,0,0,0,979,709,1379,1649,0.80649,0.1558606,10
"27",300717,736,140860.3264845,51421.26,94978.092,146399.352,90,1993,1993,2,0,0,0,112356.597122,0.945,0,3,1.75,2,1,1092,0,800,111817.45653169,143840.6680851,0,0,0,0,0,0,0,0,0,539.10465,44793.68,60,120,7200,1,0,0,0,0,0,0,1,1,0,0,1092,292,1092,1892,0.945,0.1612239,7
"28",280817,713,98500.747002,43438.032,48849.504,92287.536,80,1979,1979,3,0,1,0,66155.621483,0.783,0,2,1,0,0,768,0,132,64317.245917925,84158.1672057,0,0,0,0,910,0,3,1839.1738176,2546.42555475,0,39120.28,46,120,5520,0,1,0,0,1,0,0,1,1,0,0,768,636,768,900,0.783,0.1640551,8
"29",51017,737,180429.455598,56092.608,94286.72,150379.328,90,1990,1990,6,0,1,0,121147.596948,0.945,3,3,1.5,1,1,1135,0,400,114224.70255518,141933.85493805,0,0,0,0,920,312,1,6922.103706,9404.68061925,0,44600.75,60,100,6000,1,0,0,0,1,0,0,0,0,1,0,1135,735,1135,1535,0.97335,0.1670506,10
"30",300917,716,178441.501742,62321.6,108127.976,170449.576,140,1997,1997,2,0,0,1,140739.099228,1,2,3,1.5,1,1,1232,0,600,133439.38635573,164727.1089828,921,456,7300.2268521,9789.6024954,0,0,0,0,0,0,51758.24,65,140,9100,1,0,0,0,0,0,0,1,1,0,0,1232,632,1232,1832,1.02,0.1699467,9
"31",81017,713,121341.49993,46363.152,55577.28,101940.432,81,1971,1971,2,0,0,0,74471.638899,0.783,8,3,1,0,0,780,312,0,74471.2841201,104446.5533811,0,0,0,0,0,0,0,0,0,0,44027.78,60,110,6600,0,1,0,0,0,0,0,0,0,0,780,0,0,1092,1092,0.84564,0.1721292,10
"32",280717,716,137384.165058,50792.104,78057.804,128849.908,140,2000,2000,2,0,0,0,98863.068486,1,-2,3,1.5,0,0,960,0,0,98863.67764728,125222.619249,0,0,0,0,0,0,0,0,0,0,42959.75,45,115,5175,1,0,0,0,0,0,0,0,0,0,0,960,960,960,960,0.98,0.1731405,7
"33",130817,715,151914.125916,51268.822,102251.226,153520.048,140,1990,1990,2,0,0,1,133524.345318,1,-2,3,2.5,2,2,1176,0,646,128271.41434653,171199.8283086,921,286,4492.1837142,6424.747875,0,0,0,0,0,761.4516,50099.77,60,120,7200,1,0,0,0,0,0,0,0,0,0,0,1176,530,1176,1822,0.98,0.1755463,8
"34",140717,716,129488.523388,54219.792,81485.492,135705.284,140,1999,1999,2,0,0,1,108512.563887,1,-2,2,1.5,1,0,936,0,477,103308.57521712,125513.874486,921,286,5204.9024118,6834.2184729,0,0,0,0,0,0,45783.97,58,105,6090,1,0,0,0,0,0,0,0,0,0,0,936,459,936,1413,0.98,0.1800245,7
"35",101017,713,114203.76464,42706.752,72981.744,115688.496,90,1979,1979,2,0,1,0,95214.8662675,0.945,2,3,1,1,1,1014,0,439,88679.19277462,128751.1289316,0,0,0,0,920,288,2,6535.56567195,10575.61591905,0,34360.13,50,120.7,6035,0,1,1,0,0,0,0,0,0,0,0,1014,575,1014,1453,0.9639,0.1804319,10
"36",280717,731,137997.333978,46542.408,73279.536,119821.944,80,1971,1971,2,0,1,0,84609.4459665,0.783,0,3,1.75,1,0,954,0,400,78621.77151542,101871.39073545,0,0,0,0,910,336,2,5986.8939375,7185.86923005,0,38775,60,110,6600,0,1,0,0,1,0,0,0,0,0,0,954,554,954,1354,0.783,0.1822008,7
"37",280817,715,151914.125916,55851.51,109411.676,165263.186,140,1989,1989,5,0,1,0,141892.698402,1,0,3,2.75,1,2,1264,0,860,137415.97215528,186319.4016411,0,0,0,0,910,220,1,4476.7643193,6455.5866648,0,53085.78,80,118.5,9480,1,0,0,0,0,0,0,0,0,0,0,1264,404,1264,2124,1,0.1839397,8
"38",71017,734,86618.0597205,28540.666,40146.414,68687.08,90,1993,1993,2,0,0,0,66297.2928415,0.945,-5,3,1,0,0,960,0,0,66297.2928415,85654.56410595,0,0,0,0,0,0,0,0,0,0,28248.89,50,125,6250,0,0,0,0,1,0,0,0,0,0,960,0,0,960,960,0.89775,0.1847721,10
"39",220417,716,164229.346736,59672.932,92547.576,152220.508,90,1996,1996,2,0,0,0,113269.480996,0.945,0,3,1.75,1,1,1056,0,415,113268.780159955,142171.6000887,0,0,0,0,0,0,0,0,0,0,48646.28,62,119,7381,1,0,0,0,0,0,0,0,0,0,0,1040,625,1056,1471,0.945,0.1856787,4
"40",260617,737,143704.87614,53375.872,96204.416,149580.288,90,1998,1998,2,0,0,1,120191.584702,0.945,0,3,1.5,1,1,1080,0,980,115966.29809716,137392.43736645,921,264,4224.4240374,5324.1975234,0,0,0,0,0,0,49651.43,57.8,128.3,7418,1,0,0,0,0,0,0,0,0,0,0,1080,100,1080,2060,0.945,0.1880382,6
"41",11017,715,151210.8197775,46256.507,93085.85,139342.357,90,1988,1988,2,0,1,0,124658.965235,0.945,4,3,1.75,1,1,1106,0,250,111903.443723365,138031.2763767,0,0,0,0,920,638,1,12755.75512365,18265.9437513,0,39892.7,74.5,117,8717,1,0,0,0,1,0,0,0,1,1,0,1106,856,1106,1356,0.9828,0.1881311,10
"42",290517,713,111348.670524,45631.872,74590.56,120222.432,90,1983,1983,2,1,0,0,96000.162041,0.945,0,3,1,0,1,1052,0,390,96000.970697975,129731.2211853,0,0,0,0,0,0,0,0,0,0,41131.27,50,120,6000,0,1,0,0,0,0,0,0,0,0,0,1052,662,1052,1442,0.945,0.1900549,5
"43",170917,734,96960.5146125,33988.262,52225.866,86214.128,90,1977,1977,2,0,1,0,93942.5792935,0.945,0,2,1,0,2,829,0,380,87403.401620395,116068.1529357,0,0,0,0,920,240,2,6538.80029985,9661.8335373,0,32695.99,78.8,120,9466,0,0,0,0,1,0,0,1,1,0,0,829,449,829,1209,0.945,0.1908709,9
"44",150417,715,119562.043545,44681.208,86641.445,131322.653,90,1989,1989,2,0,1,0,110617.086118,0.945,3,3,1.75,1,0,1068,0,525,103594.870678495,134128.69781535,0,0,0,0,920,320,2,7022.3771709,10032.19843185,0,39081.97,58,117.5,6815,1,0,0,0,0,1,0,0,0,0,0,1068,543,1068,1593,0.97335,0.1949074,4
"45",150417,736,162065.1068155,54143.562,119781.288,173924.85,142,1997,1997,2,0,0,1,146158.730991,1,2,3,1.75,1,1,824,500,400,141800.35335921,179558.8536105,921,231,3978.2038842,5335.1106354,0,0,0,0,0,380.7258,49205.21,60,120,7200,0,0,0,0,0,0,0,1,1,0,0,794,394,1324,1724,1.02,0.1974317,4
"46",300617,713,124910.367575,51335.856,68886.576,120222.432,90,1983,1983,2,0,0,0,88528.171592,0.945,0,3,1,0,0,1077,0,0,88527.52466642,119631.09556755,0,0,0,0,0,0,0,0,0,0,45949.33,60,135,8100,1,0,0,0,0,0,0,0,1,0,0,1077,1077,1077,1077,0.945,0.1978873,6
"47",140817,737,221944.197594,59608.384,157570.688,217179.072,140,2004,2004,2,0,1,0,207461.295678,1,4,3,2,1,2,1468,0,750,193158.9502752,216142.2246438,0,0,0,0,920,440,1,14302.3454028,17711.7449418,0,53375.95,76.3,92.2,7034,1,0,0,0,1,0,0,0,0,0,0,1428,678,1468,2218,1.04,0.1985405,8
"48",240617,715,161760.411855,55421.883,98957.419,154379.302,140,1989,1989,6,0,0,1,131557.896561,1,-2,3,1.75,1,2,1312,0,375,123997.71013266,163192.0225572,921,512,7560.6432993,10901.5121943,0,0,0,0,0,0,53411.28,68,130,8840,1,0,0,0,0,1,0,0,0,0,0,1296,921,1312,1687,0.98,0.1993572,6
"49",270317,716,224236.223428,50168.888,165931.26,216100.148,145,2013,2013,2,0,1,0,209540.626295,1.22,-4,3,2.75,1,1,1557,0,700,198533.0251905,198517.044726,0,0,0,0,920,200,1,11006.682687,11902.6908,0,48319.36,60,120,7200,1,0,0,0,0,0,0,1,1,0,0,1557,857,1557,2257,1.1712,0.1993922,3
"50",280517,716,213182.32509,57024.264,125266.416,182290.68,142,1995,1995,2,0,1,0,156819.053391,1,4,3,1.75,2,1,1132,352,299,151760.67330333,195632.7161607,0,0,0,0,920,78,3,5057.5615272,6928.4481084,0,48826.69,60,116,6960,1,0,0,0,0,0,0,0,0,1,0,1132,833,1484,1783,1.04,0.2020511,5
"51",20617,713,78372.3334842,35686.464,54407.232,90093.696,80,1980,1988,2,0,0,0,68718.8990355,0.783,0,3,2,0,0,1104,0,0,68718.420083985,87571.4950026,0,0,0,0,0,0,0,0,0,0,38197.89,42.9,119.8,5155,0,1,0,0,0,0,0,0,0,0,1104,0,0,1104,1104,0.783,0.2045058,6
"52",120617,713,121341.49993,41390.448,65815.2,107205.648,80,1976,1976,3,0,1,0,92544.076065,0.783,0,3,1.5,1,1,924,0,620,87387.22284194,105495.45719895,0,0,0,0,910,308,2,5156.7113115,7292.8350684,0,37293.6,50,105.1,5255,0,1,0,0,0,0,0,0,0,0,0,924,304,924,1544,0.783,0.2057534,6
"53",50817,716,156333.705066,54687.204,91924.36,146611.564,140,1996,1996,2,0,1,0,119117.681046,1,-3,3,1.5,1,1,1080,0,442,113367.97905069,142002.3474324,0,0,0,0,910,280,2,5749.7210316,7793.6474889,0,44443.29,73.3,108,7916,1,0,0,0,0,0,0,0,0,0,0,1080,638,1080,1522,0.97,0.2095387,8
"54",300417,713,178443.38225,47240.688,153130.032,200370.72,140,2014,2014,2,0,1,0,194752.668474,1,8,3,2,0,1,1272,0,0,183805.83087321,181767.2536134,0,0,0,0,920,401,1,10946.0571129,11756.4319782,0,45744.55,66,110,7260,0,1,1,0,0,0,0,0,0,0,0,1246,1246,1272,1272,1.08,0.2102493,4
"55",20317,713,125624.141104,49727.04,76638.144,126365.184,90,1983,1983,2,0,0,1,100104.545443,0.945,-3,3,1.5,1,2,1040,0,550,98790.765381105,131749.6289949,911,132,1133.73707895,1573.64647335,0,0,0,0,0,179.70155,44793.68,60,120,7200,0,0,1,0,0,0,0,0,0,0,0,1040,490,1040,1590,0.91665,0.2111582,3
"56",250817,732,126042.294665,53237.184,81464.592,134701.776,90,1980,1980,2,0,0,0,99443.243739,0.945,0,2,1.75,1,2,1008,0,592,98903.27652156,137455.5126105,0,0,0,0,0,0,0,0,0,539.10465,47009.63,75,121.6,9120,0,1,1,0,0,0,0,0,1,0,0,1008,416,1008,1600,0.945,0.2121401,8
"57",310817,716,181441.8455766,53129.164,100805.188,153934.352,140,1999,1999,2,0,0,0,128616.789756,1,0,3,1.5,0,1,1132,0,900,128616.46613907,164552.3558406,0,0,0,0,0,0,0,0,0,0,48018.44,63,115,7245,1,0,0,0,0,0,0,0,0,0,0,1056,156,1132,2032,1,0.2124138,8
"58",30717,716,126330.26672,56712.656,87406.044,144118.7,140,1999,1999,2,0,0,0,111177.644487,1,0,3,2,0,1,1058,0,0,111178.06328538,142240.4914203,0,0,0,0,0,0,0,0,0,0,48005.8,50,120,6000,1,0,0,0,0,0,0,0,0,0,0,1040,1040,1058,1058,1,0.2134032,7
"59",290617,737,150091.759524,71434.176,103076.16,174510.336,90,1994,1994,2,0,0,1,130204.555068,0.945,0,3,1.5,1,0,1197,0,905,124487.8893594,152270.1083925,921,364,5717.20481325,7522.12718145,0,0,0,0,0,0,44216.92,88.7,144.9,12848,1,0,0,1,0,1,0,0,0,0,0,1197,292,1197,2102,0.945,0.216289,6
"60",130417,737,150091.759524,57530.88,97323.072,154853.952,90,1991,1991,2,0,0,1,122888.9049675,0.945,2,3,1,1,1,1124,0,1000,117865.99506283,148276.96024995,921,220,3585.58502715,4832.5340826,0,0,0,0,0,1437.6124,45738.48,62,106,6572,1,0,0,0,0,0,0,0,0,0,0,1112,112,1124,2124,0.9639,0.2177447,4
"61",260617,737,165899.2958994,57051.456,100359.424,157410.88,90,1993,1993,2,0,0,1,125837.807403,0.945,4,3,1.5,1,2,1022,0,841,121350.462027795,150984.34380225,921,300,4488.04621125,5953.33264995,0,0,0,0,0,0,45217.66,59.9,105.2,6300,1,0,0,1,1,0,0,0,0,0,0,1008,167,1022,1863,0.9828,0.2178872,6
"62",190617,716,134225.90839,51726.928,74162.704,125889.632,90,1996,1996,2,0,0,0,90445.5871305,0.945,0,3,1,0,1,1000,0,0,90446.467668095,113525.7354063,0,0,0,0,0,0,0,0,0,0,42233.57,44,120,5280,1,0,0,0,0,0,0,0,1,0,0,1000,1000,1000,1000,0.945,0.2209634,6
"63",250617,731,106783.6512925,57930.444,59250.796,117181.24,80,1976,1989,2,0,0,0,63469.94521,0.783,0,2,1,1,0,560,0,200,62582.14649064,78504.94282365,0,0,0,0,0,0,0,0,0,886.94725,46184.21,60,110,6600,0,1,1,0,0,0,0,0,0,0,0,560,360,560,760,0.783,0.2223201,6
"64",10617,713,154175.082264,52213.392,83950.944,136164.336,90,1973,1973,2,0,1,0,113479.7318095,0.945,0,2,1.5,1,0,1059,0,750,107897.968054485,141458.36463675,0,0,0,0,920,260,1,5581.35044145,8414.88448185,0,48646.09,90,110,9900,0,1,1,0,1,0,0,0,0,0,0,1059,309,1059,1809,0.945,0.2230533,6
"65",300317,737,166058.967984,60087.808,102436.928,162524.736,90,2006,2006,8,0,0,1,128493.796312,0.945,2,2,1.5,0,1,926,0,350,121827.30009072,133908.74311815,921,360,6666.5681019,7936.15955265,0,0,0,0,0,0,53438.67,65.4,122.8,8030,1,0,0,0,0,0,0,0,1,1,0,894,544,926,1276,0.9639,0.2246029,3
"66",11017,713,115631.311698,41390.448,72250.464,113640.912,90,1982,1982,2,0,0,0,92075.480189,0.945,0,3,1.75,0,0,1040,0,432,92076.109144425,125786.59246125,0,0,0,0,0,0,0,0,0,0,37293.6,50,105.1,5255,0,1,0,0,0,0,0,0,0,0,0,1040,608,1040,1472,0.945,0.2247992,10
"67",270317,716,200549.298418,53752.38,129628.928,183381.308,140,2000,2000,2,1,0,1,175109.120823,1,2,3,1.75,1,2,1184,0,1000,165323.40173076,197114.6913372,921,528,9213.9450858,11974.0167729,0,0,0,0,0,571.0887,45662.34,62,105,6510,1,0,0,0,1,0,0,0,0,0,0,1104,104,1184,2184,1.02,0.2268946,3
"68",51017,713,149892.44109,49727.04,89508.672,139235.712,90,1984,1984,2,0,0,1,118617.399124,0.945,2,3,1.75,1,0,1148,0,1148,115688.08415745,152027.5113,911,288,2928.95556345,4059.4580145,0,0,0,0,0,0,44793.68,60,120,7200,0,0,0,0,1,0,0,0,0,0,0,1148,0,1148,2291,0.9639,0.2281267,10
"69",270317,715,102682.696221,41673.819,68740.32,110414.139,90,1985,1985,2,0,0,1,79796.4732775,0.945,-2,2,1.5,1,0,950,0,552,74353.09768614,94790.7706095,911,276,5443.8787557,7701.6490299,0,0,0,0,0,0,36724.48,50,120,6000,0,1,0,0,0,0,0,1,0,0,0,950,398,950,1502,0.9261,0.2286347,3
"70",110317,716,145279.806728,55154.616,80083.256,135237.872,90,1998,1998,2,0,0,0,95574.2693675,0.945,2,2,1.5,1,1,895,0,250,95573.87402409,117514.031607,0,0,0,0,0,0,0,0,0,0,48540.27,77.5,125,9688,1,0,0,0,0,0,1,0,0,0,0,836,586,895,1145,0.9639,0.2308934,3
"71",160317,734,102002.46137235,29961.778,61344.668,91306.446,90,1995,1995,2,0,1,0,108967.425889,0.945,-4,3,1.75,0,0,1040,0,250,101835.17919043,120135.69751995,0,0,0,0,920,220,2,7132.3545195,9283.382073,0,29667.12,50,120.2,6010,0,1,0,0,0,0,0,1,1,0,0,1040,790,1040,1290,0.9072,0.2344007,3
"72",10617,716,163439.782569,59828.736,90833.732,150662.468,90,1996,1996,4,0,0,0,98091.888083,0.945,2,3,1,0,1,1032,0,0,98092.64282951,123124.49369955,0,0,0,0,0,0,0,0,0,0,50118.16,65,130,8450,1,0,0,0,0,0,0,0,0,0,0,990,990,1032,1032,0.9639,0.2372648,6
"73",100617,716,250888.751449252,55777.832,187899.624,243677.456,145,2015,2015,2,0,1,0,242080.15832,1.22,4,3,2.25,0,2,1741,0,100,226982.6604045,226982.6604045,0,0,0,0,930,223,3,15096.579498,16106.6550645,0,47230.49,55.7,125,6971,1,0,0,0,0,0,0,0,0,0,0,1741,1641,1741,1841,1.2688,0.2435416,6
"74",310717,716,171335.424239,52194.34,100337.776,152532.116,90,1998,1998,2,0,1,0,135509.344824,0.945,4,3,2,1,1,1092,0,1092,122858.39164431,144382.46825835,0,0,0,0,920,520,1,12650.6297169,17018.99469585,0,42673.37,55,119,6545,1,0,0,0,1,0,0,0,0,0,0,1092,0,1092,2129,0.9828,0.2456431,7
"75",220717,716,205286.68342,53596.576,119657.472,173254.048,140,1998,1998,2,0,1,0,148738.148286,1,0,3,2.5,1,2,1184,0,560,144805.46017119,182216.1293316,0,0,0,0,920,0,3,3267.1984527,4334.563233,666.27015,48429.22,63,120,7560,1,0,0,0,0,0,0,0,0,1,0,1144,584,1184,1744,1,0.2486277,7
"76",300317,715,125891.7987915,45683.671,88073.535,133757.206,140,1988,1988,2,0,1,0,109007.507427,1,-2,3,1.75,1,2,1126,0,550,106008.16861089,155042.0157195,0,0,0,0,920,0,3,2999.9289411,4334.563233,0,46924.64,60,120,7200,0,1,0,0,0,0,0,0,0,0,0,1126,576,1126,1676,0.98,0.2493819,3
"77",31017,737,150091.759524,50659.136,82620.736,133279.872,90,1998,1998,2,0,0,0,99211.4287395,0.945,2,2,1.75,0,1,941,0,240,99211.734232135,121987.5219927,0,0,0,0,0,0,0,0,0,0,47149.35,57,105,5985,1,0,0,0,1,0,0,0,0,0,0,912,672,941,1181,0.9639,0.2495937,10
"78",310317,737,139713.074025,53056.256,91090.56,144146.816,90,1998,1998,2,0,0,0,109813.8201895,0.945,2,3,1,1,1,1054,0,712,109813.514696865,135021.45511575,0,0,0,0,0,0,0,0,0,0,49087.57,66.1,122.6,8106,1,0,0,0,0,0,1,0,0,0,0,1038,326,1054,1766,0.9639,0.2531521,3
"79",210817,736,134498.8923852,52026.216,73048.437,125074.653,90,1990,1990,2,0,0,1,96774.6757215,0.945,0,3,1,0,0,973,0,0,91201.393879645,113265.34786035,921,288,5573.2638717,5610.46209255,0,0,0,0,0,0,45261.07,63,120,7560,1,0,0,0,0,0,0,0,1,0,0,960,960,973,973,0.945,0.2533769,8
"80",310317,737,151688.48037,58170.112,86935.552,145105.664,90,1994,1994,2,0,0,0,104789.3648515,0.945,2,3,1.5,1,1,1040,0,812,104789.562523205,134345.41788465,0,0,0,0,0,0,0,0,0,0,46174.37,66,106,6998,1,0,0,1,0,0,0,0,0,0,0,1040,228,1040,1852,0.9639,0.2548578,3
"81",290417,713,85652.82348,46363.152,48264.48,94627.632,80,1971,1971,2,0,0,0,61224.194773,0.783,0,2,1,0,0,744,0,264,61223.893210935,85868.02411425,0,0,0,0,0,0,0,0,0,0,44027.78,60,110,6600,0,1,0,0,0,0,0,0,0,0,0,744,480,744,1008,0.783,0.2567248,4
"82",10617,715,129408.329484,50409.568,89648.834,140058.402,90,1989,1989,2,0,0,0,107147.0491875,0.945,3,3,1.5,1,2,1068,0,492,107146.51008285,142862.19314535,0,0,0,0,0,0,0,0,0,0,49280,60,110,6600,1,0,0,0,0,0,0,0,1,0,0,1040,548,1068,1560,0.97335,0.2583821,6
"83",310817,716,135015.472557,55777.832,73383.684,129161.516,90,1996,1996,2,0,0,0,89651.3062795,0.945,1,3,1,1,2,988,0,260,89650.461682215,120061.30107825,0,0,0,0,0,0,0,0,0,0,45568.91,64.2,108.9,6995,1,0,0,0,0,0,0,0,0,0,0,988,728,988,1248,0.95445,0.2589251,8
"84",280517,716,236869.2501,50013.084,154869.176,204882.26,142,2002,2002,6,0,1,0,208835.715816,1,5,3,2.25,2,1,1252,420,520,192732.7277421,218465.4134754,0,0,0,0,930,326,3,16102.9880739,20422.131912,0,48244.1,65,110.2,7165,1,0,0,0,0,0,0,0,1,1,0,1200,680,1672,2192,1.05,0.2601214,5
"85",300417,715,119562.043545,41673.819,94374.731,136048.55,140,1985,1985,2,0,0,1,117604.295991,1,-3,3,1.5,0,1,1169,0,208,113292.84281406,136788.8786901,921,644,4312.2907737,5552.6954301,0,0,0,0,0,0,36842.45,50,120,6000,0,1,0,0,0,0,0,0,0,0,0,1169,961,1169,1377,0.97,0.265452,4
"86",250917,734,95667.707751,24751.034,55541.794,80292.828,90,1994,1994,2,0,0,0,92300.1071265,0.945,-5,3,1.5,0,1,960,0,270,92120.459486965,117895.7176992,0,0,0,0,0,0,0,0,0,179.70155,24505.69,53.8,120.2,6461,0,0,0,0,0,0,0,0,0,1,0,960,690,960,1230,0.89775,0.2697814,9
"87",110517,713,109207.349937,45631.872,52505.904,98137.776,80,1982,1982,2,0,0,1,71331.845634,0.783,0,3,1,0,0,873,0,121,69226.782769795,87445.37110365,911,216,2104.1936559,2814.63840315,0,0,0,0,0,0,41131.27,50,120,6000,0,1,0,0,0,0,0,0,0,0,0,873,752,873,994,0.783,0.2721472,5
"88",80917,713,140691.90030119,49580.784,78539.472,128120.256,90,1975,1998,2,0,0,0,94887.8094465,0.945,2,2,1,0,0,912,0,0,94887.432073245,116669.7937251,0,0,0,0,0,0,0,0,0,0,44025.97,60,110,6600,0,1,0,0,1,1,0,0,0,0,0,912,912,912,912,0.9639,0.2735717,9
"89",250917,716,146701.0222286,57647.48,85068.984,142716.464,140,1997,1997,2,0,0,0,104870.92161,1,0,3,1.5,0,1,1077,0,0,104870.21726727,136949.9257035,0,0,0,0,0,0,0,0,0,0,46860.81,56.1,111.8,6266,1,0,0,0,0,0,0,0,0,0,0,1040,1040,1077,1077,1,0.27358,9
"90",290617,737,147696.678255,66160.512,97003.456,163163.968,140,1996,1996,2,0,0,1,122011.197126,1,1,3,1.5,1,1,1100,0,402,117943.04677155,150258.5767683,921,240,4067.2937214,5513.2903098,0,0,0,0,0,0,52327.84,73.3,107.6,7882,1,0,0,0,0,1,0,0,0,0,0,1056,654,1100,1502,1.01,0.2737048,6
"91",300417,715,106902.533052,41817.028,75041.516,116858.544,90,1986,1986,2,1,0,1,101664.354897,0.945,-2,2,1,0,1,912,0,675,98523.944519665,128031.42422385,921,264,3140.8236909,4332.78407205,0,0,0,0,0,0,42218.63,75,120,9000,0,1,0,0,1,0,0,1,1,0,0,912,237,912,1587,0.9261,0.2739498,4
"92",101017,713,108350.8217022,43145.52,68155.296,111300.816,90,1983,1983,2,0,0,0,83241.351991,0.945,-5,2,1,0,0,1080,0,0,83241.621543325,112489.03716435,0,0,0,0,0,0,0,0,0,0,42037.94,55,105.4,5797,0,1,0,0,0,0,0,0,0,0,0,1080,1080,1080,1080,0.89775,0.2746491,10
"93",150917,716,173704.11674,51882.732,107348.956,159231.688,140,1998,1998,2,0,0,1,113205.009372,1,2,3,1.5,1,2,1136,0,560,113013.75176637,141851.5800156,921,260,4089.5661807,5316.2647083,0,0,0,0,0,190.3629,42108.72,65,124.6,8099,1,0,0,0,0,0,0,0,0,0,0,1056,496,1136,1696,1.02,0.2767077,9
"94",140517,715,157540.575024,43392.327,85066.146,128458.473,90,1987,1987,2,0,0,1,115650.5265335,0.945,2,3,1.75,1,1,1114,0,749,112083.324974915,145326.97960515,921,240,3567.7945737,4908.54783825,0,0,0,0,0,0,44616.75,60,118.1,7086,0,1,0,0,0,0,0,0,0,0,0,1114,365,1114,1863,0.9639,0.2772622,5
"95",120517,715,140661.2277,53273.748,98814.21,152087.958,90,1990,1990,6,0,1,0,129510.907085,0.945,3,2,1.75,1,2,1115,0,935,118317.22565488,151835.05093995,0,0,0,0,920,539,1,10475.34245415,15269.06100195,718.8062,51684.25,72,115,8280,1,0,0,0,1,0,0,0,0,0,0,1102,167,1115,2050,0.97335,0.2805267,5
"96",300317,716,167387.603404,50168.888,99870.364,150039.252,140,1991,1991,2,0,0,0,121139.335044,1,-1,3,2,1,2,1144,0,572,121139.56347948,167111.975394,0,0,0,0,0,0,0,0,0,0,45635.14,60,120,7200,1,0,0,0,0,0,0,0,0,0,0,1144,572,1144,1716,0.99,0.2876896,3
"97",101017,716,167387.603404,57335.872,97689.108,155024.98,90,1996,1996,2,0,1,0,132668.2633185,0.945,4,3,1.5,1,1,1032,0,700,119308.67504654,141890.1874614,0,0,0,0,920,480,2,13359.013227,15605.46230355,0,46662.93,70,110,7700,1,0,0,0,0,0,0,0,0,0,0,1032,332,1032,1732,0.9828,0.2883826,10
"98",40517,716,162650.218402,52973.36,96754.284,149727.644,90,1997,1997,2,0,0,1,122617.555627,0.945,2,3,1.75,1,2,1092,0,300,118398.70233765,141838.433415,921,286,4219.57209555,5375.9515698,0,0,0,0,0,0,48319.64,65.6,109.3,7165,1,0,0,0,0,0,0,1,1,0,0,1092,792,1092,1392,0.9639,0.2932982,5
"99",280417,715,122375.268099,41673.819,83347.638,125021.457,90,1996,1996,2,0,0,1,116832.9627325,0.945,0,3,1.5,1,1,1020,0,419,108244.971747535,125087.91283485,921,553,8587.9370745,11057.57547615,0,0,0,0,0,0,42858.76,50,120,6000,0,1,0,0,0,0,0,0,0,0,0,1020,601,1020,1439,0.945,0.2947887,4
"100",10517,716,142121.55006,51103.712,81329.688,132433.4,140,2001,2001,2,0,0,0,103096.739382,1,-2,3,1.5,0,1,994,0,0,103096.22540217,129031.2097893,0,0,0,0,0,0,0,0,0,0,43256.43,45.4,115,5221,1,0,0,0,0,0,0,1,1,0,0,988,988,994,994,0.98,0.2959599,5
"101",130817,716,171335.424239,53440.772,118099.432,171540.204,140,1999,1999,2,0,1,0,159567.893667,1,0,3,2.5,1,2,1118,0,842,150744.49710684,181573.6545441,0,0,0,0,920,322,1,8823.320415,11585.1053682,0,48232.84,62,120,7440,1,0,0,0,0,0,0,0,0,0,0,1053,211,1118,1960,1,0.298409,8
"102",150717,713,127051.688162,49580.784,81318.336,130899.12,90,1984,1984,2,0,0,1,110755.4563115,0.945,2,2,1.5,1,1,1040,0,650,104815.044202995,133355.62174725,921,354,5581.35044145,7733.9953089,0,0,0,0,0,359.4031,44686.36,60,119,7140,0,0,0,0,0,0,0,0,1,0,0,1040,390,1040,1690,0.9639,0.3009269,7
"103",290617,716,186179.2305786,60296.148,126045.436,186341.584,90,1996,2008,2,0,0,1,157957.66245,0.945,2,3,1.5,0,1,1300,0,0,152512.705485,158820.22989,921,264,5445.49606965,6009.9386382,0,0,0,0,0,0,48802.46,74.5,110.7,8243,1,0,0,0,0,0,0,0,0,0,0,1300,1300,1300,1300,0.9639,0.3019733,6
"104",10517,716,167387.603404,66528.308,106258.328,172786.636,140,1996,1996,2,0,0,0,135530.770284,1,0,3,1.5,2,2,1494,0,650,134388.63095658,195656.7018861,0,0,0,0,0,0,0,0,0,1142.1774,49196.56,65.8,154.4,10152,1,0,0,0,1,0,0,0,0,0,0,1455,805,1494,2144,1,0.3022034,5
"105",101017,713,164167.91167,49873.296,102379.2,152252.496,90,1978,1978,2,0,0,0,175573.8053965,0.945,-5,3,1.5,1,0,1081,0,908,129919.242917065,126899.30445885,0,0,0,0,0,0,0,0,0,45654.975793,47672.33,104.2,85,8860,0,0,0,0,1,0,0,0,0,0,0,1081,173,1081,1989,0.89775,0.3039213,10
"106",150517,716,106591.162545,43625.12,59517.128,103142.248,90,1996,1996,2,0,0,1,73950.781856,0.945,-5,2,1,0,0,792,0,0,72283.385084015,94570.8159123,911,216,1667.45068245,1780.66265895,0,0,0,0,0,0,35935.98,42,110,4620,1,0,0,0,0,0,0,0,0,0,0,792,792,792,792,0.89775,0.3044559,5
"107",50817,716,199759.734251,59828.736,123396.768,183225.504,140,1997,1997,2,0,0,1,158039.27958,1,2,3,2.25,1,2,1236,0,915,152715.34324683,192482.0198028,921,322,5323.1177727,7135.7533065,0,0,0,0,0,0,50118.16,65,130,8450,1,0,0,0,0,0,0,0,0,0,0,1236,321,1236,2151,1.02,0.3082358,8
"108",10517,737,259467.137475,63124.16,178665.344,241789.504,142,2010,2010,2,0,1,0,226619.417934,1,10,3,2.5,1,1,1524,400,0,215721.5226348,223875.9078192,0,0,0,0,930,198,3,10898.0856621,12177.8954388,0,55818.16,81.2,105.9,8600,1,0,0,1,0,0,1,0,0,1,0,1446,1446,1924,1924,1.1,0.312251,5
"109",290917,737,142108.155294,57051.456,89013.056,146064.512,90,1990,1990,2,0,0,1,112040.322394,0.945,2,3,1,2,0,1112,0,716,107735.517853285,136813.43897235,921,294,4305.2897349,5849.82455715,0,0,0,0,0,0,45217.66,60,105,6300,1,0,0,0,0,0,0,0,0,0,0,1112,396,1112,1828,0.9639,0.3136164,9
"110",101017,716,153965.012565,51726.928,80394.864,132121.792,90,1997,1997,2,0,0,0,98011.0223855,0.945,1,3,1,1,1,1000,0,280,98011.88495294,121754.6287839,0,0,0,0,0,0,0,0,0,0,47142.24,55,115.6,6355,1,0,0,0,0,0,0,0,0,0,0,1000,720,1000,1280,0.95445,0.31374,10
"111",71017,716,157123.269233,54843.008,97844.912,152687.92,140,2000,2000,2,0,0,0,124438.324101,1,-2,3,2,1,0,1033,0,840,124437.88626633,157617.0546678,0,0,0,0,0,0,0,0,0,0,46230.8,53.3,117.6,6268,1,0,0,0,0,0,0,0,0,0,0,962,122,1033,1873,0.98,0.3141078,10
"112",300617,713,126908.9334562,46363.152,83512.176,129875.328,90,1979,1979,2,0,1,0,108029.383798,0.945,2,3,2,1,1,932,0,300,101197.31056855,127866.45820095,0,0,0,0,920,364,1,6831.5341248,9928.69033905,0,45217.41,62.5,120,7500,0,1,0,0,0,0,0,0,0,0,0,932,632,932,1232,0.9639,0.315749,6
"113",310717,731,108426.476697,55124.696,53309.212,108433.908,80,1977,1977,2,0,0,0,56640.451385,0.783,-5,2,1,1,0,640,0,400,56641.285115415,77534.26775325,0,0,0,0,0,0,0,0,0,0,43947.37,60,110,6600,0,1,0,0,0,0,0,0,0,0,0,640,240,640,1040,0.74385,0.3161478,7
"114",30717,715,168793.47324,58858.899,109698.094,168556.993,140,1989,1989,5,0,1,0,151624.04985,1,0,3,1.75,1,1,1234,0,845,137662.43500191,173372.2497234,0,0,0,0,920,546,1,13961.4054489,20132.5899411,0,54121.75,88,121.5,10692,1,0,0,0,1,0,1,0,0,0,0,1234,389,1234,2079,1,0.3187637,7
"115",290617,736,128743.3091525,50060.109,80307.909,130368.018,90,1990,1990,2,0,1,0,99631.9303665,0.945,0,2,2,1,0,912,0,630,94325.469386085,122616.65711925,0,0,0,0,910,396,1,5306.40706995,7515.65792565,0,43598.69,61,120,7320,1,0,1,0,0,0,0,0,1,0,0,912,282,912,1542,0.945,0.3211669,6
"116",120517,731,85426.921034,55124.696,34494.196,89618.892,40,1958,1958,2,0,0,0,41212.288488,0.507,0,2,1,0,0,660,0,0,41033.7663659,61928.0170236,0,0,0,0,0,0,0,0,0,179.0593,43947.37,60,110,6600,0,1,0,0,1,0,0,0,0,0,0,660,660,660,660,0.507,0.3225667,5
"117",280517,737,213960.593364,62484.928,139832,202316.928,140,2013,2013,2,0,1,0,175225.242192,1,5,3,2.25,1,0,1349,0,485,170331.65926686,188395.8801543,0,0,0,0,930,0,3,4893.0879816,5701.7495808,0,55425.13,62.9,133,8363,1,0,0,0,1,0,0,0,0,0,0,1300,815,1349,1834,1.05,0.3226511,5
"118",290417,716,153965.012565,52350.144,92547.576,144897.72,90,1998,1998,2,0,0,0,113107.749601,0.945,2,3,1.75,1,2,1056,0,655,113108.14494441,139072.8265605,0,0,0,0,0,0,0,0,0,0,47858.01,60,115,6900,1,0,0,0,0,0,0,1,1,0,0,1040,385,1056,1711,0.9639,0.3253791,4
"119",260317,715,110419.0637445,42819.491,64444.05,107263.541,92,1989,1989,2,0,0,1,119661.4651295,0.945,1,4,1.5,1,1,676,676,150,114739.242003295,140974.7877657,921,240,3485.31156225,4908.54783825,0,0,0,0,0,1437.6124,37405.78,56,115,6440,1,0,0,0,0,0,0,0,1,0,0,676,526,1352,1502,0.95445,0.3258888,3
"120",51017,736,145707.1334173,50513.826,96188.004,146701.83,140,1994,1994,4,0,0,1,124474.493052,1,0,3,1.5,1,1,1126,0,400,117149.40480516,148010.7716451,921,474,7325.9258436,10147.6751103,0,0,0,0,0,0,40905.75,70,120,8400,1,0,0,0,0,0,0,0,0,0,0,1126,726,1126,1526,1,0.3290894,10
"121",100617,732,209581.9550825,55869.792,119637.408,175507.2,140,1988,1988,2,0,0,1,151214.769615,1,-2,3,1.5,1,2,1229,0,1054,148001.8245888,190667.6710029,921,210,3212.3739375,4642.951131,0,0,0,0,0,0,46220.24,75.3,111.8,8413,1,1,0,0,0,0,0,0,0,0,0,1229,175,1229,2283,0.98,0.331491,6
"122",101017,716,170940.6421555,55310.42,101116.796,156427.216,140,1995,1995,2,0,0,0,129311.614341,1,-2,3,2.25,1,1,1100,0,924,129312.26157486,172443.6594972,0,0,0,0,0,0,0,0,0,0,49597.82,73,115,8395,1,0,0,0,0,0,0,0,0,0,0,1100,176,1100,2024,0.98,0.3381654,10
"123",250317,734,67872.36022875,30435.482,40383.266,70818.748,90,1993,1993,2,0,0,0,66980.1587315,0.945,-5,3,1,0,0,960,0,0,66620.7556315,85654.56410595,0,0,0,0,0,0,0,0,0,359.4031,29960.74,50,125,6250,0,0,0,0,0,0,0,1,1,0,960,0,0,960,960,0.89775,0.3384728,3
"124",140717,716,145279.806728,56868.46,78525.216,135393.676,140,2000,2000,2,0,0,0,101050.338207,1,0,2,1,0,0,928,0,220,99439.60156494,124208.3657178,0,0,0,0,0,0,0,0,0,1610.470134,48137.78,52.6,115,6049,1,0,0,0,0,0,0,1,1,0,0,870,650,928,1148,1,0.3405236,7
"125",130317,716,167387.603404,41288.06,119345.864,160633.924,140,2003,2003,8,0,1,0,147285.679359,1,0,3,2.25,1,2,1152,0,750,143827.29944583,171599.0193099,0,0,0,0,920,0,3,3459.0842559,4334.563233,0,34199.97,64,120,7680,1,0,0,0,0,0,0,1,1,0,0,1134,384,1152,1902,1,0.3549078,3
"126",110917,716,152385.884231,41755.472,89743.104,131498.576,140,1999,1999,2,0,0,0,114177.763791,1,-4,3,1.5,1,1,1040,0,795,114177.66860955,146079.9207504,0,0,0,0,0,0,0,0,0,0,37443.56,44.6,108,4817,1,1,0,0,0,0,0,0,0,0,0,1040,245,1040,1835,0.96,0.3581721,9
"127",71017,716,154754.576732,40664.844,95040.44,135705.284,90,2000,2000,2,0,0,1,143011.8845365,0.945,4,3,2,0,1,1122,0,0,134814.996004955,169926.32478465,921,605,8196.5470986,11303.40719655,0,0,0,0,0,0,34404.16,57,115,6555,1,0,0,0,0,0,0,0,0,0,0,1122,1122,1122,1122,0.9828,0.3596082,10
"128",280817,715,180046.371456,52414.494,120868.396,173282.89,140,1989,1989,2,0,0,1,159927.679548,1,0,3,2.5,1,1,1344,0,720,151965.02787648,201824.4598461,921,580,7963.2608328,11484.0226683,0,0,0,0,0,0,51051.72,65,120,7800,1,0,0,0,0,0,0,0,0,0,0,1344,624,1344,2064,1,0.3605512,8
"129",101017,716,250727.680359184,76032.352,149416.036,225448.388,145,2015,2015,2,0,1,0,185575.44005,1.22,-4,3,1.75,0,1,1354,0,0,171359.071884,171359.071884,0,0,0,0,920,420,1,14215.4497485,15166.011861,0,51973.32,114.6,136.6,15650,1,0,0,1,0,0,1,0,0,0,0,1340,1340,1354,1354,1.1712,0.3612285,10
"130",290917,715,143474.452254,43392.327,105974.66,149366.987,140,1987,1987,2,0,0,0,127619.28816,1,0,3,1.75,2,1,1504,0,607,127619.8592487,179654.7965121,0,0,0,0,0,0,0,0,0,0,44616.75,60,118.1,7086,0,1,0,0,0,1,0,0,0,0,0,1504,897,1504,2111,1,0.362242,9
"131",200717,716,197391.04175,56245.244,117164.608,173409.852,140,2000,2000,2,0,1,1,165156.948411,1,0,2,1.75,1,1,1116,0,422,148866.12926367,167922.3502593,921,264,5811.3986112,7553.7902349,920,336,1,10480.0487337,13618.7522289,0,47622.95,59.5,120.8,7188,1,0,0,0,0,0,0,0,0,1,0,1116,694,1116,1538,1,0.3625724,7
"132",290417,737,212363.872518,59448.576,131202.368,190650.944,140,2004,2004,2,0,0,1,162851.653692,1,4,3,2.25,1,2,1203,0,800,159515.7342324,188820.7701471,921,108,2859.4411209,3541.3210287,0,0,0,0,0,475.90725,53239.09,66.4,104.8,6957,1,0,0,1,0,0,0,0,0,0,0,1203,403,1203,2003,1.04,0.364181,4
"133",100817,716,147648.499229,48610.848,94261.42,142872.268,90,2000,2007,8,0,0,1,120689.3579955,0.945,0,2,2,1,0,960,0,800,113805.63854058,124618.89178935,921,336,6883.2881712,7455.8173095,0,0,0,0,0,0,46702.17,57.6,106.5,6132,1,0,0,0,1,0,0,0,0,0,0,960,160,960,1760,0.945,0.3647884,8
"134",300617,713,107066.02935,50604.576,58794.912,109399.488,90,1982,1982,2,0,0,1,74074.7759255,0.945,0,2,1,0,0,960,0,0,70879.50266495,92465.0731494,921,216,3195.8123652,4488.04621125,0,0,0,0,0,0,47666.12,83,118,9794,0,1,0,0,0,0,0,0,0,0,960,0,0,960,960,0.945,0.3673066,6
"135",10917,713,159885.270496,49580.784,111008.304,160589.088,140,1982,1982,2,0,1,0,147129.581781,1,-3,3,1.5,1,2,1248,0,916,143246.34994761,187525.5409755,0,0,0,0,920,0,3,2931.3982971,4334.563233,951.8145,44686.36,60,119,7140,0,0,0,0,0,0,0,0,1,0,0,1248,332,1248,2164,0.97,0.3686842,9
"136",160717,716,155544.140899,51571.124,102986.444,154557.568,140,1995,1995,2,0,0,1,136492.102929,1,-2,3,1.5,1,0,1092,0,544,131428.27846239,168510.0005316,921,312,5064.4145916,6938.727705,0,0,0,0,0,0,46476.45,68.6,115,7889,1,0,0,0,0,0,0,1,1,0,0,1092,548,1092,1636,0.98,0.3789311,7
"137",50617,713,82797.729364,43876.8,40512.912,84389.712,40,1979,1979,1,0,1,1,55463.618175,0.507,10,2,1,0,1,640,0,0,48272.07741503,58024.8824022,911,300,2114.3322144,3073.1947659,910,240,2,5076.331155,7379.2128123,0,42888.56,50,120,6000,0,1,0,0,0,0,0,0,0,0,640,0,0,640,640,0.5577,0.3789783,6
"138",70517,737,191606.50152,61366.272,116180.416,177546.688,140,2001,2001,2,0,1,0,156044.276388,1,0,3,1.75,0,1,1168,0,0,140800.31993664,157140.766692,0,0,0,0,920,480,1,15244.6417578,19568.9253942,0,54704.15,69.6,111.6,7767,1,0,1,0,0,0,1,0,0,0,0,1168,1168,1168,1168,1,0.3807454,5
"139",120317,716,167387.603404,59828.736,110776.644,170605.38,140,1997,1997,2,0,0,1,140925.65487,1,0,3,2.5,1,2,1128,0,736,136948.34569143,173646.3722994,921,231,3978.2038842,5335.1106354,0,0,0,0,0,0,50118.16,65,130,8450,1,0,0,0,0,0,0,0,0,0,0,1092,356,1128,1864,1,0.3846716,3
"140",150517,716,120329.5790508,42846.1,62477.404,105323.504,90,1996,1996,2,0,0,0,75913.122782,0.945,-5,2,1,0,0,792,0,0,75912.350065335,95284.05136425,0,0,0,0,0,0,0,0,0,0,35017.55,37.8,116.7,4406,1,0,0,0,1,0,0,0,0,0,0,792,792,792,792,0.89775,0.385287,5
"141",290917,716,172124.988406,54687.204,107193.152,161880.356,140,1998,1998,2,0,0,0,129620.002239,1,0,3,1.75,1,1,1282,0,250,129620.3829648,167547.1449834,0,0,0,0,0,0,0,0,0,0,49198.06,65,125,8125,1,0,0,0,0,0,0,0,0,0,0,1242,992,1282,1532,1,0.3853424,9
"142",290517,716,148438.063396,56712.656,87406.044,144118.7,140,2000,2000,2,0,0,1,115055.33676,1,-2,3,1.5,1,1,960,0,612,110965.25659947,135370.2943593,921,264,4089.5661807,5316.2647083,0,0,0,0,0,0,48012.83,52.2,115,6003,1,0,0,0,0,0,0,0,0,0,0,960,348,960,1572,0.98,0.3917794,5
"143",280517,716,132173.0415558,50480.496,78525.216,129005.712,90,1997,1997,2,0,0,0,95917.499328,0.945,2,3,1.5,0,1,936,0,194,95917.1399249,119150.7533244,0,0,0,0,0,0,0,0,0,0,41176.18,44,117,5148,1,0,0,0,0,0,0,0,0,0,0,936,742,936,1130,0.9639,0.3939739,5
"144",100417,713,77087.541132,42414.24,43438.032,85852.272,80,1974,1974,2,0,0,1,61775.8759625,0.783,-8,2,1.75,0,0,700,0,312,57593.724550355,82609.5573072,921,325,4182.843231,6459.4594323,0,0,0,0,0,0,34101.36,50,119,5950,0,1,0,0,0,0,0,0,0,0,0,700,388,700,1012,0.72036,0.3981997,4
"145",290417,716,142121.55006,45650.572,78213.608,123864.18,90,1997,1997,2,0,0,0,95522.155918,0.945,1,3,1.5,1,1,1000,0,460,95522.73096296,126520.85299455,0,0,0,0,0,0,0,0,0,0,37559.43,44,112,4928,1,0,0,0,0,0,0,1,1,0,0,1000,540,1000,1460,0.95445,0.3999556,4
"146",120317,715,116608.1577633,39525.684,77189.651,116715.335,90,1985,1985,2,0,0,1,105369.800858,0.945,0,3,1,1,1,1024,0,320,101578.439585945,131558.7859488,921,242,3790.9838988,5241.71451195,0,0,0,0,0,0,39079.49,50,120,6000,0,1,0,0,0,0,0,0,0,0,0,1024,704,1024,1344,0.945,0.4013448,3
"147",30717,716,150017.19173,53596.576,88808.28,142404.856,140,1992,1992,2,0,0,0,107699.714304,1,-2,3,1,0,1,1129,0,0,107699.06707014,147412.8417762,0,0,0,0,0,0,0,0,0,0,44098.86,65,103,6695,1,0,0,0,0,0,0,0,0,0,0,1058,1058,1129,1129,0.98,0.4023212,7
"148",40817,737,156478.642908,57051.456,86935.552,143987.008,90,1990,1990,2,0,0,0,105136.188843,0.945,2,3,1,1,1,1112,0,533,105136.350574395,139069.5919326,0,0,0,0,0,0,0,0,0,0,45217.66,60,105,6300,1,0,1,0,0,0,0,0,0,0,0,1112,579,1112,1645,0.9639,0.4037733,8
"149",290417,737,136519.632333,49220.864,78146.112,127366.976,90,1999,1999,2,0,0,0,93820.3822395,0.945,0,3,1,1,0,936,0,488,93820.292388725,114177.51292815,0,0,0,0,0,0,0,0,0,0,45728.32,56.7,100.7,5702,1,0,0,0,1,0,0,0,0,0,0,936,448,936,1424,0.945,0.4051318,4
"150",101017,713,171305.64696,42560.496,127242.72,169803.216,140,1995,1995,2,1,1,0,167785.86006,1,0,3,1.5,1,2,1662,0,1000,164828.70566253,230459.9894415,0,0,0,0,920,0,3,2957.0972886,4334.563233,0,36858.54,50,120,6000,0,1,0,0,1,0,0,0,0,0,0,1662,662,1662,2662,1,0.4054993,10
"151",101017,732,174407.3612225,52798.416,114664.704,167463.12,90,1988,1988,2,0,1,1,163492.47019,0.945,3,3,2.5,1,2,1104,0,750,140311.131971395,156528.49602285,921,240,4014.1732239,5511.8059416,920,528,2,19166.78762145,19296.17273745,0,44070.18,66.4,101.8,6640,1,1,0,0,0,0,0,0,0,0,0,1104,354,1104,1854,0.97335,0.4058694,10
"152",100417,715,154727.35047,47688.597,126023.92,173712.517,140,1995,1995,2,0,1,0,170418.578967,1,2,3,2.25,1,2,1248,0,1060,157967.41758525,207176.7031425,0,0,0,0,920,572,1,12450.3047487,18244.5706989,0,41719.26,60,115,6900,1,0,0,0,1,0,0,0,0,0,0,1248,188,1248,2308,1.02,0.4083161,4
"153",290517,731,106783.6512925,55124.696,62221.588,117346.284,80,1978,1978,2,0,1,1,74084.929898,0.783,5,3,1,0,1,912,0,0,65498.766088595,77537.46076335,921,312,4344.09024105,6084.28074555,910,252,2,4241.91391785,5938.998786,0,43947.37,60,110,6600,0,1,0,0,0,0,0,0,0,0,912,0,0,912,912,0.82215,0.4088519,5
"154",310317,716,165808.47507,53596.576,105635.112,159231.688,140,1997,1997,2,0,1,0,130859.264718,1,0,3,1.5,1,2,1146,0,427,127626.94074858,162448.4650698,0,0,0,0,920,0,3,3232.9331307,4334.563233,0,48429.22,63,120,7560,1,0,0,0,0,0,0,0,0,0,0,1136,709,1146,1573,1,0.4175728,3
"155",260617,716,250291.840939,57647.48,176837.54,234485.02,150,2001,2001,7,0,1,0,239180.468933,1.19,8,3,2.25,1,2,1515,0,1144,226931.3086635,268688.66355135,0,0,0,0,930,202,2,12248.20524375,15722.3979171,0,48605.34,57,110,6270,1,0,0,0,0,0,0,0,0,0,0,1501,357,1515,2659,1.2852,0.4190239,6
"156",51017,716,161071.090068,73695.292,87561.848,161257.14,140,2000,2000,2,0,0,1,115826.306505,1,-1,2,2,1,1,900,0,530,111105.306585,134748.378765,921,253,4721.7613716,6135.2059041,0,0,0,0,0,0,56086.17,90,134,12060,1,0,0,1,0,0,0,1,1,0,0,836,306,900,1430,0.99,0.4193473,10
"157",190617,731,120747.66723075,46542.408,69483.524,116025.932,80,1976,1976,2,0,0,0,74123.955577,0.783,8,2,1,0,0,972,0,396,74124.718351635,101965.5845334,0,0,0,0,0,0,0,0,0,0,38775,60,110,6600,0,1,0,0,1,0,0,0,0,0,0,972,576,972,1368,0.84564,0.4217722,6
"158",10417,734,93276.015057225,27356.406,56133.924,83490.33,90,1995,1995,2,0,0,1,97556.377464,0.945,-2,3,1,1,0,1076,0,400,93178.88364631,120276.4038336,921,308,4378.06886265,6095.65627755,0,0,0,0,0,0,26909.3,50,125,6250,0,0,0,0,0,0,0,1,1,0,0,1040,640,1076,1476,0.9261,0.4239481,4
"159",240717,715,161619.7506273,59288.526,105831.451,165119.977,90,1989,1989,2,0,0,1,134443.7146325,0.945,2,2,2,1,2,1192,0,720,126695.91824456,158597.0405649,921,404,7748.55113445,10614.43145385,0,0,0,0,0,0,56008.91,82,118.5,9717,1,0,0,0,0,1,0,0,0,0,0,1192,472,1192,1912,0.9639,0.4241745,7
"160",300417,713,112776.217582,43876.8,60403.728,104280.528,90,1980,1980,2,0,0,0,72649.742634,0.945,0,3,1,0,0,1060,0,0,72649.49105183,94842.5246559,0,0,0,0,0,0,0,0,0,0,42888.56,50,120,6000,0,1,0,0,0,0,0,0,0,0,1060,0,0,1060,1060,0.945,0.4281222,4
"161",260517,713,145609.799916,43730.544,94042.608,137773.152,90,1988,1988,2,0,0,1,121303.9372965,0.945,1,3,1.75,0,2,1082,0,150,114939.106067205,136008.01662525,921,429,6364.13039325,8738.34727185,0,0,0,0,0,0,42764.91,50,119.5,5975,0,1,0,0,1,0,0,0,0,0,0,1082,932,1082,1232,0.95445,0.4294171,5
"162",290617,713,95645.652886,44023.056,52359.648,96382.704,90,1982,1982,2,0,0,1,70024.3029885,0.945,-3,3,1,0,1,873,0,0,66282.70107564,87836.3206245,921,264,3742.4644803,5652.51225525,0,0,0,0,0,0,35418.55,58,117.9,6838,0,1,0,0,0,0,0,0,0,0,873,0,0,873,873,0.91665,0.4339824,6
"163",51017,713,116345.085227,47094.432,72981.744,120076.176,90,1983,1983,2,0,1,0,102169.3162525,0.945,0,2,1.75,0,0,912,0,256,93750.83773965,115314.484635,0,0,0,0,920,308,2,8418.11910975,11691.56254455,0,42401.07,58,116.5,6757,0,1,0,0,0,0,0,0,0,1,0,912,656,912,1168,0.945,0.4389924,10
"164",290617,716,139752.857559,52973.36,79771.648,132745.008,140,1999,1999,2,0,0,0,101408.220459,1,-2,3,1.5,1,0,960,0,700,101407.40189853,129738.7886886,0,0,0,0,0,0,0,0,0,0,44749.64,45,120,5400,1,0,0,0,0,0,0,1,1,0,0,960,260,960,1660,0.98,0.4421611,6
"165",280517,716,142911.114227,57959.088,94261.42,152220.508,140,2000,2000,2,0,0,0,122808.817677,1,-2,2,1.5,1,1,988,0,680,119953.58357619,148845.1322358,0,0,0,0,0,0,0,0,0,2855.4435,48958.9,53.5,120,6420,1,0,0,0,0,0,0,0,0,0,0,988,308,988,1668,0.98,0.443162,5
"166",10517,716,150017.19173,52350.144,102051.62,154401.764,140,1998,1998,2,0,0,0,125917.443834,1,2,3,2.75,1,1,1144,0,316,125918.24335818,162761.9927661,0,0,0,0,0,0,0,0,0,0,47858.01,60,115,6900,1,0,0,0,0,0,0,0,0,0,0,1144,828,1144,1460,1.02,0.4470033,5
"167",290617,734,101485.33862775,31619.742,58620.87,90240.612,90,1995,1995,2,0,0,1,101401.990634,0.945,0,3,1,0,1,1000,0,0,97311.15672887,118256.37871005,921,264,4090.18697955,5324.1975234,0,0,0,0,0,0,33039.27,50,125,6250,0,0,0,0,0,0,0,1,1,0,0,1000,1000,1000,1000,0.945,0.4490373,6
"168",290417,737,204380.268288,59448.576,118737.344,178185.92,90,2006,2006,2,0,0,1,147565.5218135,0.945,3,3,1.5,1,1,1076,0,460,141564.49637218,152320.24512495,921,308,6000.2347545,6896.2266828,0,0,0,0,0,0,53261.96,59.1,118.2,6975,1,0,0,0,0,0,0,1,0,0,0,1060,600,1076,1536,0.97335,0.4497207,4
"169",240417,734,93082.094028,29961.778,56844.48,86806.258,90,2000,2000,2,0,0,0,93998.286774,0.945,2,2,1,1,1,902,0,300,93999.095430975,113252.40934875,0,0,0,0,0,0,0,0,0,0,29667.12,50,120.2,6010,0,0,0,0,0,0,0,0,0,0,0,857,557,902,1202,0.9639,0.4513041,4
"170",220617,731,143747.22289375,56280.004,89618.892,145898.896,90,1983,1983,2,0,0,0,102291.5133065,0.945,0,3,1.5,1,1,1040,0,588,101932.79307239,130919.94693855,0,0,0,0,0,0,0,0,0,359.4031,44900.09,66,110,7260,0,1,0,0,0,0,0,0,0,0,0,1040,452,1040,1628,0.945,0.4524601,6
"171",300417,737,147696.678255,54494.528,88214.016,142708.544,90,1996,1996,4,0,0,1,112665.683788,0.945,2,3,1.5,1,1,1101,0,408,106433.687944465,139810.3217217,921,440,6231.51064935,8943.7461435,0,0,0,0,0,0,42589.84,74.5,121.4,9035,1,0,0,0,0,0,1,0,0,0,0,1032,624,1101,1509,0.9639,0.4565878,4
"172",270717,737,167655.68883,56891.648,102436.928,159328.576,140,1993,1993,2,0,1,0,128213.220408,1,0,3,1.5,1,1,1127,0,490,125106.53595258,165693.3910632,0,0,0,0,920,0,3,3106.1514393,4334.563233,0,45034.88,58.7,105,6165,1,0,0,0,0,0,0,0,0,0,0,1105,615,1127,1617,1,0.4578351,7
"173",260817,737,146898.317832,63443.776,108190.016,171633.792,90,1995,1995,2,0,1,0,144104.4699605,0.945,2,3,1.75,1,2,1070,0,585,130500.721192555,148289.89876155,0,0,0,0,920,576,2,13603.22763345,17704.73581065,0,50351.22,55,120,6600,1,0,0,0,0,1,0,0,0,0,0,1070,485,1070,1655,0.9639,0.4619833,8
"174",270317,713,152747.535206,58209.888,95212.656,153422.544,90,1975,1975,7,0,1,1,123528.6424855,0.945,2,2,1,1,2,1222,0,650,116750.533631515,159379.8205167,921,304,4036.8156192,6026.1117777,920,0,3,2741.34714525,4091.8042935,0,49687.48,90.2,110,9922,0,1,1,0,0,0,0,1,1,0,0,1222,572,1222,1872,0.9639,0.4627188,3
"175",101017,716,157912.8334,58270.696,88340.868,146611.564,90,1996,1996,4,0,0,1,110180.4113515,0.945,0,3,1.75,1,2,1077,0,450,107918.50794165,132619.7439,911,252,2261.0049021,2322.4628322,0,0,0,0,0,0,47520,55,120,6600,1,0,0,0,0,0,0,0,0,0,0,1000,550,1077,1527,0.945,0.4628537,10
"176",120517,713,102904.1209,39067.93,47150.95,86218.88,51,1943,1943,2,0,0,0,56654.1531465,0.767,0,4,1,0,0,838,360,0,56653.715812785,83314.9882656,0,0,0,0,0,0,0,0,0,0,42181.82,60,110,6600,0,1,1,0,0,0,0,0,1,0,838,0,0,1198,1198,0.767,0.4639541,5
"177",280517,713,124196.594046,43876.8,78978.24,122855.04,80,1980,1980,2,1,1,0,111265.758618,0.783,5,3,1,0,1,982,0,510,99252.48385143,116193.637539,0,0,0,0,920,528,2,12013.70050125,16440.8090049,0,42888.56,50,120,6000,0,1,0,0,0,0,0,0,0,0,0,982,472,982,1492,0.82215,0.4650277,5
"178",101017,716,154754.576732,56868.46,77746.196,134614.656,90,1992,1992,2,0,0,1,96724.3592875,0.945,3,3,1,1,0,960,0,350,93171.929196325,116694.05343435,921,231,3551.6214342,4748.4337572,0,0,0,0,0,0,48669.01,55.6,123,6839,1,0,0,0,0,0,0,0,0,0,0,960,610,960,1310,0.97335,0.4673834,10
"179",150417,713,96288.855985,27347.551,44860.761,72208.312,80,1953,1993,2,0,0,0,60519.9586565,0.783,0,2,1,0,0,736,0,0,60519.195881865,70030.69401825,0,0,0,0,0,0,0,0,0,0,28913,30,110,3300,0,1,1,0,0,0,0,0,1,0,736,0,0,736,736,0.783,0.4677744,4
"180",51017,737,138914.713602,54654.336,87255.168,141909.504,90,1991,1991,2,0,0,1,109375.3484075,0.945,3,3,1.75,1,1,1112,0,710,105738.961752165,143403.9933186,921,260,3635.7217596,5254.65302355,0,0,0,0,0,0,43400.59,62,106,6572,1,0,0,0,0,1,0,0,0,0,0,1112,402,1112,1822,0.97335,0.4736882,10
"181",150417,737,135721.27191,54973.952,70954.752,125928.704,90,1994,1994,2,0,0,0,85245.0242735,0.945,2,3,1.75,0,0,975,0,251,85245.473527375,116774.91913185,0,0,0,0,0,0,0,0,0,0,43721.43,65,105.1,6834,1,0,0,1,0,0,0,0,0,0,0,960,709,975,1226,0.9639,0.474715,4
"182",300617,737,137317.992756,50499.328,100679.04,151178.368,140,1991,1991,2,0,1,0,129705.665544,1,0,3,1.5,0,1,1209,0,0,123155.48755419,172136.9848653,0,0,0,0,920,312,1,6549.8163003,9962.6423715,0,40161.93,57.4,96,5510,1,0,0,0,1,0,0,0,0,0,0,1209,1209,1209,1209,1,0.4760506,6
"183",10517,736,138588.38573475,51421.26,85601.274,137022.534,90,1994,1994,2,0,0,0,103283.4658625,0.945,2,2,1.5,1,0,904,0,550,103284.058877615,132415.9623423,0,0,0,0,0,0,0,0,0,0,41394.56,59.7,150,8952,1,1,0,0,0,0,0,0,0,0,0,874,324,904,1454,0.9639,0.476962,5
"184",300417,737,174042.572214,51777.792,124810.048,176587.84,140,1999,1999,2,0,0,1,159712.569471,1,3,3,2.25,1,2,1144,0,934,151881.8012166,184299.4609092,921,370,7831.3393431,10283.0231322,0,0,0,0,0,0,48283.93,55.5,116.9,6491,1,0,0,0,0,0,0,0,0,0,0,1144,210,1144,2078,1.03,0.4809802,4
"185",80717,716,146858.935062,53596.576,76499.764,130096.34,140,1999,1999,2,0,0,1,101865.091419,1,-2,3,1.5,0,0,936,0,0,96971.20391322,117804.177036,921,286,4893.0879816,6424.747875,0,0,0,0,0,0,47149.11,61.5,114,7011,1,0,0,0,0,0,0,1,1,0,0,936,936,936,936,0.98,0.4822312,7
"186",260517,715,165980.248686,52271.285,103683.316,155954.601,140,1989,1989,6,0,0,1,134540.883204,1,-1,3,2.25,1,1,1198,0,1042,130296.1712598,176666.8604337,921,264,4245.4733958,6119.7865092,0,0,0,0,0,0,50939.93,65,119,7735,1,0,0,0,0,1,0,0,0,0,0,1198,156,1198,2240,0.99,0.4837265,5
"187",260317,715,128001.717207,43965.163,84350.101,128315.264,90,1989,1989,2,0,0,1,112981.958516,0.945,1,3,1.5,1,2,1152,0,668,110310.11993029,143517.2052951,911,364,2671.8026454,3659.98146885,0,0,0,0,0,0,45171.22,62.5,120,7500,0,1,0,0,0,0,0,0,0,1,0,1152,484,1152,1820,0.95445,0.4852386,3
"188",310317,716,142121.55006,56245.244,77122.98,133368.224,90,1997,1997,2,0,1,0,97186.192271,0.945,4,2,1,0,1,1012,0,0,94178.257876325,120755.1287628,0,0,0,0,920,0,3,3008.203947,4091.8042935,0,45940.33,60,120,7200,1,0,0,0,0,0,0,0,1,0,0,968,968,1012,1012,0.9828,0.4891348,3
"189",170317,736,172667.496981,51118.782,115849.074,166967.856,140,1996,1996,2,0,0,1,142758.849597,1,0,3,1.5,1,1,1233,0,800,137158.14464352,173771.4407247,921,280,4649.8041954,6303.1059819,0,0,0,0,0,951.8145,46517.25,64,110,7040,1,0,0,1,0,0,0,1,1,0,0,1233,433,1233,2033,1,0.4960659,3
"190",61017,713,78515.08819,45631.872,39196.608,84828.48,80,1977,1977,2,0,1,0,56640.451385,0.783,-5,2,1,0,0,718,0,0,51770.22403525,64197.06456555,0,0,0,0,910,216,2,4870.93690755,6855.3926847,0,41131.27,50,120,6000,0,1,0,0,0,0,0,0,0,0,718,0,0,718,718,0.74385,0.4967357,10
"191",280917,731,156068.4134275,57435.312,105793.204,163228.516,90,1981,1981,2,0,1,0,126035.479108,0.945,0,3,1.75,1,1,1103,0,800,119454.035630335,148673.2021677,0,0,0,0,920,264,2,6580.85046255,8901.6959808,0,45656.72,71,110,7810,0,1,0,0,0,0,0,0,0,0,0,1103,303,1103,1903,0.945,0.5042059,9
"192",280917,713,151319.988148,50312.064,74444.304,124756.368,90,1983,1983,2,0,0,1,99010.1630035,0.945,-2,3,1,1,2,1021,0,393,95627.802459245,124657.70732415,921,228,3381.80346945,4696.6797108,0,0,0,0,0,0,45229.4,60.1,125.4,7537,0,0,0,0,0,0,0,0,0,0,0,1021,628,1021,1414,0.9261,0.5060414,9
"193",300917,716,140542.421726,52350.144,89431.496,141781.64,90,1998,1998,2,0,0,0,109240.572245,0.945,2,3,1.5,0,1,1129,0,0,109239.81749849,134316.30623355,0,0,0,0,0,0,0,0,0,0,47858.01,60,115,6900,1,0,0,0,0,0,0,0,1,0,0,1129,1129,1129,1129,0.9639,0.5081599,9
"194",10417,731,135450.954601025,55124.696,59910.972,115035.668,80,1975,1975,3,0,0,0,63814.080743,0.783,-10,3,1.5,0,0,877,0,116,63813.779180935,88200.5179923,0,0,0,0,0,0,0,0,0,0,43947.37,60,110,6600,0,1,0,0,0,0,0,0,0,0,0,877,761,877,993,0.7047,0.5129564,4
"195",270317,737,147696.678255,55932.8,77826.496,133759.296,90,1998,1998,2,0,0,0,93444.806,0.945,2,3,1,0,0,960,0,0,93444.87788062,114895.60032195,0,0,0,0,0,0,0,0,0,0,51325.13,81.8,107,8755,1,0,0,1,0,0,1,0,0,0,0,960,960,960,960,0.9639,0.5150561,3
"196",260317,734,67225.956798,26645.85,25816.868,52462.718,40,1976,1976,1,0,0,0,42796.963293,0.507,10,2,1,0,0,772,0,0,42618.65604206,61239.8921337,0,0,0,0,0,0,0,0,0,179.0593,26536.82,50,125,6250,0,0,1,0,0,0,0,1,1,0,772,0,0,772,772,0.5577,0.5178976,3
"197",300317,737,184820.4379245,52576.832,115860.8,168437.632,140,1999,1999,2,0,0,1,150055.459554,1,2,3,2.25,1,1,1126,0,800,140936.22001095,168647.0618196,921,528,9119.7154503,11974.0167729,0,0,0,0,0,0,48984.93,65.8,107.4,7068,1,0,0,0,1,0,0,0,0,0,0,1056,256,1126,1926,1.02,0.5186295,3
"198",240617,716,165808.47507,74318.508,110465.036,184783.544,140,2000,2000,2,0,1,0,144407.392311,1,-2,3,1.75,2,1,1132,0,800,135935.08204731,161446.2044013,0,0,0,0,920,364,1,8472.1008645,11009.4479586,0,53512.01,103,124.5,12831,1,0,0,0,0,1,0,0,0,1,0,1092,292,1132,1932,0.98,0.5188552,6
"199",310317,737,171647.490945,65840.896,74470.528,140311.424,90,1986,1986,3,0,0,0,78204.3175445,0.945,0,3,1,0,0,1000,0,300,78204.191753415,121246.7922036,0,0,0,0,0,0,0,0,0,0,49877.53,63.6,160,10170,1,0,0,0,0,0,0,0,0,0,0,1000,700,1000,1300,0.945,0.5189226,3
"200",130817,716,134225.90839,59672.932,82108.708,141781.64,90,1998,1998,2,0,0,1,105111.030626,0.945,0,3,1.5,0,1,960,0,0,100064.40011673,116829.90780615,921,300,5046.019524,6360.89576535,0,0,0,0,0,0,48673.58,50,120,6000,1,0,0,0,0,0,0,0,0,0,0,960,960,960,960,0.945,0.5198177,8
"201",10417,716,201338.862585,67307.328,112334.684,179642.012,140,1997,1997,2,0,0,1,146048.320509,1,0,3,2.25,2,1,1152,0,690,138748.68378189,171660.6968895,921,456,7300.2268521,9789.6024954,0,0,0,0,0,0,53540.73,75.4,123.4,9306,1,0,0,1,0,0,1,0,0,1,0,1132,442,1152,1842,1,0.5202918,4
"202",10417,734,109888.5832275,29961.778,73779.398,103741.176,90,1984,1984,2,1,0,1,137410.587223,0.945,2,2,1,0,2,1062,0,800,123980.609853905,149790.76610715,921,448,7932.92492475,10992.88291815,0,0,0,0,0,5497.0704145,29190.75,59.9,152.7,9160,0,0,0,0,1,0,0,0,0,0,0,1062,262,1062,1862,0.9639,0.5220366,4
"203",170917,715,147694.289085,60147.78,108982.049,169129.829,140,1989,1989,7,0,0,1,139964.322225,1,0,2,2.25,1,2,1154,0,648,130224.09986586,168864.6466143,921,598,9739.9177785,14043.6422217,0,0,0,0,0,0,50954.72,70,119.8,8386,1,0,0,0,1,0,0,0,0,0,0,1154,506,1154,1802,1,0.5224336,9
"204",240617,731,153193.468969625,46542.408,112560.008,159102.416,90,1981,1981,2,0,1,1,142271.5141505,0.945,4,3,2,1,1,1125,0,800,126984.01576952,147125.43271755,921,378,6377.06890485,7316.7283098,920,300,2,8909.78255055,12053.84086935,0,38775,60,110,6600,0,1,0,0,1,0,0,0,0,0,0,1125,325,1125,1925,0.9828,0.5231963,6
"205",290917,716,135410.2546405,48922.456,75097.528,124019.984,90,2000,2000,2,0,0,1,93617.319488,0.945,1,2,1,0,1,899,0,110,91206.8028963,106985.3177925,911,329,2409.7977855,2974.24035405,0,0,0,0,0,0,46961.03,57.2,110,6296,1,0,0,0,0,0,0,0,0,0,0,836,726,899,1009,0.95445,0.5232762,9
"206",120517,737,117199.3100964,55932.8,92688.64,148621.44,90,1998,1998,2,0,0,1,117549.971917,0.945,2,3,1,1,1,1058,0,0,111581.47245623,129857.3716734,921,364,5967.8884755,7522.12718145,0,0,0,0,0,0,52001.38,55,110,6050,1,0,0,0,0,0,0,0,0,0,0,1040,1040,1058,1058,0.9639,0.524601,5
"207",11017,737,153604.5453852,59608.384,83899.2,143507.584,90,1996,1996,4,0,0,1,105470.433726,0.945,0,3,1,0,1,936,0,0,101008.65988136,121183.71695955,921,288,4462.16918805,5744.6991504,0,0,0,0,0,0,47236.4,64,120,7680,1,0,0,0,0,1,0,0,0,0,0,936,936,936,936,0.945,0.5267515,10
"208",120817,715,156133.962747,50839.195,102394.435,153233.63,90,1990,1990,6,0,1,0,126173.8493015,0.945,3,3,1,1,2,1170,0,751,122690.927769865,157681.6408692,0,0,0,0,920,0,3,3483.6942483,4732.2606177,0,49705.29,60,115,6900,1,0,0,0,0,1,0,0,0,0,0,1170,419,1170,1921,0.97335,0.5318443,8
"209",91017,731,109247.88939925,52483.992,48522.936,101006.928,80,1972,1972,2,0,0,0,51364.889142,0.783,-12,2,1,0,0,576,0,0,51365.155226175,72042.29038125,0,0,0,0,0,0,0,0,0,0,42044.71,90,110,9900,0,0,0,0,1,0,0,0,0,0,0,576,576,576,576,0.68904,0.5332934,10
"210",260317,716,168966.731738,58270.696,91456.948,149727.644,90,2000,2000,2,0,0,0,112687.247974,0.945,4,3,1.75,0,0,1060,0,200,111608.24798718,133299.015759,0,0,0,0,0,0,0,0,0,1078.2093,47596.56,55.6,119.9,6662,1,0,0,0,0,0,0,0,0,0,0,1060,860,1060,1260,0.9828,0.5350482,3
"211",30317,716,179231.065909,61075.168,125578.024,186653.192,140,1996,1996,2,0,1,1,174482.826882,1,3,3,2.25,1,1,1187,0,1000,155021.62785291,178873.5471705,921,542,9232.7910129,12513.6955944,920,336,2,10228.198617,13860.322749,0,49628.08,70,115,8050,1,0,0,0,1,0,0,0,0,0,0,1150,150,1187,2187,1.03,0.5353138,3
"212",170717,731,172496.6674725,52483.992,99356.488,151840.48,81,1978,1983,2,0,0,0,106692.658597,0.783,0,4,2,1,0,1087,330,500,106693.51006636,137492.61141105,0,0,0,0,0,0,0,0,0,0,41842.11,60,110,6600,0,1,0,0,0,0,0,0,0,0,0,1087,587,1417,1917,0.783,0.5378445,7
"213",170817,713,128479.23522,42414.24,82342.128,124756.368,90,1984,1984,2,0,0,1,104958.2843085,0.945,1,2,1.75,1,1,1040,0,582,100661.08114335,129923.68154535,921,300,4297.20316515,5953.33264995,0,0,0,0,0,0,41474.41,50,119,5950,0,1,0,0,0,0,0,0,0,0,0,1040,458,1040,1622,0.95445,0.5387278,8
"214",51017,716,167387.603404,40509.04,124799.004,165308.044,140,2013,2013,8,0,0,1,155794.900989,1,2,2,1.75,0,1,1076,0,0,150465.10147851,153640.5640497,921,290,5329.9708371,5765.1404265,0,0,0,0,0,0,31082.78,84,134,11256,1,0,0,1,0,0,1,0,0,0,0,1076,1076,1076,1076,1.02,0.5412763,10
"215",140717,715,117452.1251295,50839.195,78048.905,128888.1,90,1989,1989,2,0,0,1,97515.0461075,0.945,0,2,1.75,1,0,912,0,650,92978.19295527,117923.21203635,921,315,4536.56562975,6215.33750985,0,0,0,0,0,0,49705.29,60,115,6900,1,0,0,0,0,0,0,0,0,0,0,912,262,912,1562,0.945,0.5420528,7
"216",130317,716,145279.806728,50792.104,82420.316,133212.42,140,2001,2001,2,0,0,0,104450.219601,1,-2,2,1.75,1,0,906,0,600,104449.30585908,130723.9166961,0,0,0,0,0,0,0,0,0,0,43034.64,45,115.5,5198,1,0,0,0,1,0,0,0,0,0,0,874,274,906,1506,0.98,0.5423952,3
"217",101017,716,163439.782569,56712.656,98935.54,155648.196,140,2000,2000,2,0,0,1,130636.540125,1,-2,3,2.5,1,2,1040,0,574,125736.08509917,153054.6270435,921,264,4899.941046,6366.4968276,0,0,0,0,0,0,48019.86,54.6,110,6006,1,0,0,0,0,0,0,1,1,0,0,1040,466,1040,1614,0.98,0.5424494,10
"218",10417,716,178441.501742,54843.008,109062.8,163905.808,140,1998,1998,2,0,1,0,141357.778653,1,0,3,2.25,2,2,1163,0,900,134726.69643069,176409.8705187,0,0,0,0,920,304,1,6630.339807,9390.4114941,0,44528.88,56.8,110,6243,1,0,0,0,0,0,0,0,0,0,0,1092,192,1163,2063,1,0.54461,4
"219",300617,716,177651.937575,61075.168,113581.116,174656.284,140,1999,1999,2,0,0,1,151328.987355,1,3,3,2.25,1,2,1169,0,675,144838.20258999,177000.9473232,921,392,6491.5652529,8521.7855814,0,0,0,0,0,0,51411.02,60,133.5,8010,1,0,0,0,0,0,0,1,1,0,0,1169,494,1169,1844,1.03,0.5465471,6
"220",290617,713,104924.708763,46363.152,58648.656,105011.808,80,1974,1974,7,0,0,0,74915.112524,0.783,8,2,1.5,1,0,960,0,440,74559.854672485,111190.1907123,0,0,0,0,0,0,0,0,0,354.7789,44027.78,60,110,6600,0,1,0,0,0,0,0,0,0,0,0,960,520,960,1400,0.84564,0.5474424,6
"221",280917,737,226734.360132,58969.152,142069.312,201038.464,140,2008,2008,2,0,0,1,182409.538038,1,6,3,2.25,0,1,1314,0,392,171757.42027899,182930.5612953,931,484,10651.3753437,12374.9210403,0,0,0,0,0,0,52822.48,55.8,118.1,6587,1,0,0,0,0,0,0,0,0,0,0,1274,882,1314,1706,1.06,0.5476826,9
"222",280517,737,143704.87614,46344.32,86296.32,132640.64,90,1998,1998,2,0,0,1,108579.270541,0.945,0,3,1,1,1,1032,0,720,104047.035718605,130374.9121374,921,286,4531.7136879,6097.2735915,0,0,0,0,0,0,43055.75,51,110,5610,1,0,0,0,0,0,0,0,0,0,0,1032,312,1032,1752,0.945,0.5485455,5
"223",300417,713,124196.594046,51774.624,65376.432,117151.056,81,1973,1988,2,0,0,1,102829.116376,0.783,5,4,1.5,1,0,884,472,884,101159.792956775,126784.8520407,911,320,1669.9442823,2182.42240335,0,0,0,0,0,0,48520.02,87.9,110,9664,0,1,0,0,1,0,0,0,0,0,0,884,0,1356,2240,0.82215,0.5486916,4
"224",280517,736,212047.80331,52631.172,165001.749,217632.921,142,1997,1997,2,0,1,0,207369.921486,1,3,4,2,2,1,1298,641,627,196376.464011,242093.0662605,0,0,0,0,920,423,1,10994.0285637,14742.6547905,0,45656.72,71,110,7810,0,0,0,0,0,1,0,0,1,1,0,1268,641,1939,2566,1.03,0.5523285,5
"225",300317,716,221077.96676,64814.464,133991.44,198805.904,140,2007,2007,2,0,1,0,174914.950665,1,4,3,2,1,1,1302,0,500,169110.46222707,189100.0325214,0,0,0,0,920,86,3,5804.5455468,6880.4766576,0,53131.91,60,114.5,6870,1,0,1,0,0,0,0,0,0,0,0,1267,767,1302,1802,1.04,0.5525175,3
"226",310317,716,120013.753384,52350.144,76655.568,129005.712,140,2000,2000,2,0,0,1,100420.237008,1,-4,3,1.5,0,0,912,0,0,96975.96298572,118470.6375489,921,265,3443.664861,4475.0510532,0,0,0,0,0,0,47415.58,57.5,120,6900,1,0,0,0,0,0,0,0,0,0,0,912,912,912,912,0.96,0.5539208,3
"227",280717,737,201186.826596,58010.304,108190.016,166200.32,140,1995,1995,2,0,1,0,149967.89262,1,0,3,1.75,1,1,945,0,655,133570.77482931,156477.7327113,0,0,0,0,920,624,1,15254.9213544,20901.84642,1142.1774,46101.88,59.9,114.3,6845,1,0,0,0,1,0,0,0,0,0,0,945,290,945,1600,1,0.5543863,7
"228",50617,737,183622.89729,70954.752,92049.408,163004.16,90,1993,1993,2,0,0,1,133595.5233165,0.945,4,4,1.75,0,1,1439,0,253,129650.517219195,173626.73910225,921,280,3944.62872405,5603.99283675,0,0,0,0,0,0,43503.19,115.1,114.8,13213,1,0,0,1,0,1,1,0,0,0,0,1391,1138,1439,1692,0.9828,0.5627878,6
"229",130817,716,205286.68342,55466.224,150818.272,206284.496,140,1998,1998,2,0,1,0,201700.914324,1,5,3,2.25,1,2,1353,0,1150,187967.69688333,225215.6819094,0,0,0,0,920,527,1,13733.5410576,18222.2982396,0,50151.06,78.4,107.9,8456,1,0,0,0,1,0,0,0,0,0,0,1353,203,1353,2503,1.05,0.5693771,8
"230",101017,736,148433.462317,51572.499,97246.677,148819.176,90,1990,1990,2,0,0,1,119445.8232695,0.945,2,3,1.75,1,1,1104,0,532,114448.125492295,144775.4755482,921,252,4997.5001055,6791.10127605,0,0,0,0,0,0,44873.14,61,120,7320,1,0,0,0,1,0,0,0,1,1,0,1066,534,1104,1636,0.9639,0.5709012,10
"231",190817,731,111712.127506,55124.696,68493.26,123617.956,90,1975,1975,2,0,1,0,82883.7459065,0.945,-4,2,1,0,1,830,0,0,77446.3364066,99527.88316905,0,0,0,0,920,240,1,5437.4094999,7729.14336705,0,43947.37,60,110,6600,0,1,0,0,0,0,0,0,0,0,0,830,830,830,830,0.9072,0.5709729,8
"232",280417,716,135015.472557,56556.852,85380.592,141937.444,140,1995,1995,2,0,0,0,102982.521642,1,-2,3,1,1,1,1092,0,502,102982.97851296,137331.9840438,0,0,0,0,0,0,0,0,0,0,48341.41,60,110,6600,1,0,0,0,0,0,0,0,0,0,0,1008,506,1092,1594,0.98,0.5714288,4
"233",190817,716,134225.90839,55466.224,81485.492,136951.716,90,1998,1998,2,0,0,0,99441.4467235,0.945,1,2,1,0,1,927,0,0,99442.20147001,122270.55193395,0,0,0,0,0,0,0,0,0,0,50691.76,60,120,7200,1,0,0,0,0,0,0,0,0,0,0,912,912,927,927,0.95445,0.5714449,8
"234",250617,716,185547.579245,56712.656,104700.288,161412.944,90,1997,1997,2,0,0,1,135527.314979,0.945,4,3,1.75,1,2,974,0,750,128265.68316443,150316.3931409,921,384,7261.7396355,9251.035794,0,0,0,0,0,0,46221.84,55.9,114.5,6403,1,0,0,0,0,0,1,0,0,0,0,974,224,974,1724,0.9828,0.5729711,6
"235",300917,731,106783.6512925,62386.632,34989.328,97375.96,40,1965,1965,2,0,0,0,42924.095396,0.507,-3,3,1,0,1,824,0,0,42028.88842565,71073.4707711,0,0,0,0,0,0,0,0,0,895.2965,47791.01,90,110,9900,0,1,1,0,0,0,0,0,0,0,824,0,0,824,824,0.49179,0.5732862,9
"236",250617,716,176862.373408,57647.48,108283.78,165931.26,140,1994,1994,2,0,0,1,137188.831143,1,3,3,1.5,1,2,1202,0,404,131062.42000488,168378.0790419,921,390,6126.6395736,8485.8069933,0,0,0,0,0,0,49122.99,76,103,7828,1,0,0,0,0,0,0,0,0,0,0,1202,798,1202,1606,1.03,0.5760669,6
"237",300417,716,221077.96676,64814.464,167333.496,232147.96,147,2011,2011,2,0,1,0,215188.89392,1.22,4,3,2.25,1,2,1188,616,0,207076.5121425,213481.372104,0,0,0,0,920,144,3,8112.0144105,8893.95507,0,53131.91,60,114.5,6870,1,0,1,0,0,0,0,0,0,0,0,1136,1136,1804,1804,1.2688,0.5766504,4
"238",200817,716,148438.063396,52038.536,90833.732,142872.268,140,1999,1999,2,1,0,0,115538.858526,1,-2,3,1.5,0,1,927,0,775,115538.59201794,147822.3123741,0,0,0,0,0,0,0,0,0,0,45777.34,55.5,120,6660,1,0,0,0,0,0,0,0,0,0,0,912,137,927,1702,0.98,0.5818232,8
"239",240417,716,124751.138386,50168.888,71358.232,121527.12,140,1999,1999,2,0,0,0,89782.758156,1,-4,2,1,0,0,940,0,0,89783.61478905,114869.3522067,0,0,0,0,0,0,0,0,0,0,45238.36,61,104,6344,1,0,0,0,1,0,0,0,0,0,0,940,940,940,940,0.96,0.5840735,4
"240",130517,736,134044.50423525,48850.197,77283.129,126133.326,90,1992,1992,2,0,0,0,91187.754532,0.945,0,3,1,1,0,960,0,575,90738.662388395,117622.39164165,0,0,0,0,0,0,0,0,0,449.253875,42518.95,60,120,7200,1,0,0,0,0,0,0,0,0,0,0,960,385,960,1535,0.945,0.5917199,5
"241",140917,731,129783.2069555,55124.696,65192.38,120317.076,80,1975,1975,2,0,1,0,74469.8650045,0.783,5,3,1,0,0,728,0,0,69354.254828565,88789.62835575,0,0,0,0,910,276,2,5115.2021802,6617.51343225,0,43947.37,60,110,6600,0,1,0,0,0,0,0,0,0,0,0,728,728,728,728,0.82215,0.5930666,9
"242",300417,737,165260.607561,48581.632,100519.232,149100.864,90,1994,1994,2,0,0,1,126411.0553475,0.945,3,3,2,1,1,1118,0,1020,121433.268502035,149302.33729425,921,312,4978.0923381,6550.1214975,0,0,0,0,0,0,38632.6,50,100.6,5031,1,0,0,0,0,1,0,0,0,0,0,1118,98,1118,2138,0.97335,0.5931034,4
"243",230917,737,146099.957409,50978.752,91250.368,142229.12,90,1998,1998,2,0,0,0,109925.2351505,0.945,4,2,1.5,1,2,982,0,600,109924.62416523,135158.9268015,0,0,0,0,0,0,0,0,0,0,47371.5,55,110,6050,1,0,0,0,0,1,0,1,0,0,0,982,382,982,1582,0.9828,0.5939632,9
"244",290617,716,137384.165058,55466.224,78213.608,133679.832,90,1994,1994,2,0,0,0,93541.844837,0.945,0,3,1.75,0,1,1089,0,60,93541.55731452,128139.7842585,0,0,0,0,0,0,0,0,0,0,47345.36,58,105,6090,1,0,0,0,0,0,0,0,0,0,0,1089,1029,1089,1149,0.945,0.596735,6
"245",290717,715,123781.880376,41673.819,94517.94,136191.759,90,1988,1988,2,0,0,1,136195.804745,0.945,1,3,2.5,1,1,1167,0,881,124482.31861135,150698.0792331,921,600,11714.20493985,16084.18723275,0,0,0,0,0,0,42858.76,50,120,6000,0,1,0,0,0,0,0,1,0,0,0,1167,286,1167,2048,0.95445,0.6006315,7
"246",51017,715,119562.043545,41673.819,77762.487,119436.306,90,1984,1984,2,0,0,1,107855.0732945,0.945,0,2,1.5,1,1,1065,0,400,102275.98709258,130370.06019555,921,285,5579.7331275,7732.37799495,0,0,0,0,0,0,42858.76,50,120,6000,0,1,0,0,0,0,0,0,0,0,0,1065,665,1065,1465,0.945,0.6014297,10
"247",160917,716,198022.6930836,59517.128,139911.992,199429.12,150,2000,2000,2,0,1,0,183475.726987,1.19,-4,3,2.5,1,2,1376,0,764,180128.724643035,223914.38231925,0,0,0,0,920,0,3,3346.98324345,4349.1872655,0,50385.27,67.7,108.6,7352,1,0,0,0,0,0,0,0,0,0,0,1356,592,1376,2140,1.1424,0.6055126,9
"248",300417,713,123484.94508,27347.551,81773.219,109120.77,92,1965,1998,2,0,0,0,108223.461472,0.945,2,2,2,0,0,888,478,0,107504.08022704,131387.3506701,0,0,0,0,0,0,0,0,0,718.8062,28913,30,110,3300,0,1,0,0,0,0,0,0,0,0,888,0,0,1366,1366,0.9639,0.608971,4
"249",61017,716,261974.232353932,61075.168,198805.904,259881.072,147,2015,2015,2,0,1,0,257364.462355,1.22,8,4,2.5,1,1,1630,567,0,250181.335404,250181.335404,0,0,0,0,930,105,3,7182.9432675,7664.010354,0,50783.82,75,110,8906,1,0,0,1,0,0,0,0,0,1,0,1616,1616,2197,2197,1.3176,0.6108215,10
"250",260817,716,189495.40008,77278.784,117164.608,194443.392,140,1997,1997,2,0,0,1,150603.704706,1,0,3,2.25,1,2,1187,0,900,144881.35785942,181727.8484931,921,347,5722.308774,7673.7188619,0,0,0,0,0,0,53969.02,83.7,165.7,13871,1,0,0,0,0,0,0,0,0,0,0,1187,287,1187,2087,1,0.6145242,8
"251",250617,737,151688.48037,45545.28,84858.048,130403.328,90,1998,1998,2,0,0,1,106178.457833,0.945,2,3,1,1,1,1032,0,300,102220.63901518,128734.9557921,921,264,3957.56723565,5324.1975234,0,0,0,0,0,0,42398.15,50,110,5500,1,0,0,0,0,0,0,0,0,0,0,1032,732,1032,1332,0.9639,0.614703,6
"252",300417,715,130814.941761,51412.031,91510.551,142922.582,90,1992,1992,2,0,0,0,109280.106586,0.945,4,3,1.5,1,1,1092,0,700,109279.63936197,142291.281321,0,0,0,0,0,0,0,0,0,0,50316.31,60,122,7320,1,0,1,0,0,0,0,0,0,0,0,1092,392,1092,1792,0.9828,0.6193972,4
"253",50517,716,153175.448398,56556.852,94105.616,150662.468,140,1995,1995,2,0,0,0,113821.785168,1,2,3,1.5,1,1,1101,0,565,113631.34612284,151315.661952,0,0,0,0,0,0,0,0,0,190.3629,48341.41,60,110,6600,1,0,0,0,0,0,0,0,0,0,0,1101,536,1101,1666,1.02,0.6196035,5
"254",290717,737,138914.713602,46504.128,78465.728,124969.856,90,1994,1994,2,0,0,0,94445.7436335,0.945,2,3,1,1,0,1014,0,507,94445.222499005,121083.44349465,0,0,0,0,0,0,0,0,0,0,37584.72,44,110,4840,1,0,0,0,0,0,0,0,0,0,0,1014,507,1014,1521,0.9639,0.6213582,7
"255",101017,715,147694.289085,55135.465,78192.114,133327.579,90,1998,1998,2,0,0,1,105359.018765,0.945,3,2,1.5,0,1,902,0,278,101413.70717506,119844.58100895,921,260,3944.62872405,4811.50900125,0,0,0,0,0,0,48544.36,75,80,5967,0,1,0,0,1,0,1,0,0,0,0,847,569,902,1180,0.97335,0.62511,10
"256",240917,737,188253.3877434,61206.464,111545.984,172752.448,140,2001,2001,2,0,0,1,144047.60643,1,3,2,2,1,1,992,0,416,135004.05517599,158240.6835282,921,336,5777.1332892,7415.0156808,0,0,0,0,0,3266.627364,54600.83,69.2,111.5,7712,1,0,0,0,0,0,0,0,0,1,0,992,576,992,1408,1.03,0.6264248,9
"257",101017,716,162650.218402,55310.42,91924.36,147234.78,90,1996,1996,2,0,0,0,112356.597122,0.945,4,3,1.5,1,1,1124,0,600,112356.38148014,141028.15912605,0,0,0,0,0,0,0,0,0,0,45189.83,55,120,6600,1,0,0,0,0,0,0,0,0,0,0,1124,524,1124,1724,0.9828,0.6271377,10
"258",130517,716,142121.55006,56089.44,92859.184,148948.624,140,1993,1993,2,0,0,0,112666.282365,1,0,3,1.5,1,1,1048,0,600,112475.31030372,152535.5074152,0,0,0,0,0,0,0,0,0,190.3629,47874.72,60,105,6300,1,0,0,0,0,0,0,0,0,0,0,1008,408,1048,1648,1,0.6278966,5
"259",290417,737,135721.27191,52097.408,111226.368,163323.776,90,1998,1998,2,0,0,0,133733.89351,0.945,2,3,1,0,1,1340,0,77,133734.75607744,164433.92661045,0,0,0,0,0,0,0,0,0,0,48459.46,55,120,6600,1,0,0,0,0,1,0,0,0,1,0,1340,1263,1340,1417,0.9639,0.6287614,4
"260",300717,716,153175.448398,61854.188,100649.384,162503.572,140,1999,1999,2,0,0,1,118716.015327,1,0,3,1.5,1,1,1108,0,294,118715.57749233,145966.8451878,921,264,4145.38058298,5096.9666475,0,0,0,0,0,0,59013.51,73.7,114.7,8408,1,0,0,0,0,0,0,0,0,0,0,1041,747,1108,1402,1,0.6304789,7
"261",210817,736,163579.733982,51572.499,117663.942,169236.441,140,1990,1990,5,0,1,0,150091.628505,1,0,3,1.5,2,2,1304,0,800,141604.33668108,185090.9898474,0,0,0,0,920,420,1,8487.5202594,12140.2035846,0,44873.14,61,120,7320,1,0,0,0,1,0,0,0,1,1,0,1278,478,1304,2104,1,0.6348717,8
"262",230717,737,151688.48037,58170.112,88054.208,146224.32,90,1993,1993,2,0,0,0,106485.7474835,0.945,2,3,1,1,2,1062,0,734,106486.088916445,137578.4284707,0,0,0,0,0,0,0,0,0,0,46261.41,60,117.5,7051,1,0,0,0,0,1,0,0,0,0,0,1062,328,1062,1796,0.9639,0.6358814,7
"263",300317,713,77801.314661,45631.872,47094.432,92726.304,80,1975,1975,2,0,1,0,66251.411786,0.783,0,2,1,0,0,736,0,144,62385.439329535,80883.73534815,0,0,0,0,910,216,2,3866.7352311,5496.76688715,0,41131.27,50,120,6000,0,1,0,0,0,0,0,0,0,0,0,736,592,736,880,0.783,0.636138,3
"264",150917,716,138963.293392,58582.304,94573.028,153155.332,140,1999,1999,2,0,0,0,120570.149973,1,-2,3,1.5,0,1,1026,0,200,120570.70202541,154259.0531118,0,0,0,0,0,0,0,0,0,0,49589.73,62,110,6820,1,0,0,0,0,0,0,1,1,0,0,1026,826,1026,1226,0.98,0.6365579,9
"265",10517,716,172124.988406,50792.104,108283.78,159075.884,140,1999,1999,2,0,0,1,143994.304818,1,2,3,2.75,1,2,1148,0,918,138154.59924357,169282.6835427,921,325,5840.5241349,7666.8657975,0,0,0,0,0,0,44660.24,55,110,6050,1,0,0,0,0,0,0,1,1,0,0,1148,230,1148,2066,1.02,0.6416842,5
"266",310317,715,152617.4320545,50839.195,108266.004,159105.199,140,1990,1990,7,0,1,0,139117.20732,1,2,3,1.75,1,2,1180,0,462,136085.88753669,185005.3265424,0,0,0,0,920,0,3,3030.7677309,4334.563233,0,49705.29,60,115,6900,1,0,0,0,0,0,0,0,0,0,0,1180,718,1180,1642,1.02,0.6427459,3
"267",160917,713,128479.23522,43730.544,69617.856,113348.4,90,1978,1978,3,0,1,0,88993.5986065,0.945,0,3,1.75,1,1,996,0,604,84532.75920992,123189.18625755,0,0,0,0,910,336,2,4460.5518741,7078.98315915,0,37814.71,60,110,6600,0,1,1,0,1,0,0,0,0,0,0,996,392,996,1600,0.945,0.642839,9
"268",101017,737,182026.176444,58489.728,107710.592,166200.32,140,1992,1992,5,0,0,1,137662.834764,1,-2,3,1.5,1,2,1040,0,894,132338.80324938,163238.2807419,921,364,5323.1177727,7490.3993892,0,0,0,0,0,0,46452.09,65,110,7150,1,0,0,1,0,0,0,0,0,0,0,1040,146,1040,1934,0.98,0.6440551,10
"269",81017,716,161071.090068,53596.576,100181.972,153778.548,140,1992,1992,6,1,0,1,123585.498309,1,0,3,1.75,1,1,1067,0,717,121595.80624191,163711.1421855,911,162,1989.1019421,2151.8622216,0,0,0,0,0,0,48448.57,65,116.5,7573,1,0,0,0,1,0,1,0,0,0,0,968,251,1067,1784,1,0.6459755,10
"270",290517,737,180429.455598,65041.856,113943.104,178984.96,90,1996,1996,2,0,0,1,145901.4854605,0.945,2,3,1.5,0,1,1328,0,394,137677.641696455,162486.68061465,921,528,8224.04143575,10588.55443065,0,0,0,0,0,0,49582.8,85.3,116,9897,1,0,0,0,0,0,1,0,0,0,0,1328,934,1328,1722,0.9639,0.6512914,5
"271",101017,716,191074.528414,53440.772,105167.7,158608.472,140,1998,1998,2,0,1,0,136436.897688,1,0,3,2.75,1,2,1164,0,0,129656.79938757,158831.7603327,0,0,0,0,920,264,1,6779.3939577,8994.647025,0,48737.66,65,115,7475,1,0,0,0,0,0,0,0,0,0,0,1092,1092,1164,1164,1,0.6518074,10
"272",20717,737,143704.87614,45864.896,88054.208,133919.104,90,1995,1995,2,0,0,1,109486.7633685,0.945,3,3,1,1,2,1035,0,448,106038.128892605,130140.40161465,921,216,3448.1133414,4488.04621125,0,0,0,0,0,0,37015.08,45,105,4725,1,0,0,0,1,1,0,0,0,0,0,980,532,1035,1483,0.97335,0.6569806,7
"273",290717,732,168544.9289125,52798.416,116712.288,169510.704,92,1987,1987,2,0,0,1,158493.173069,0.945,4,3,1.75,2,2,961,496,519,152215.51506161,178409.1364524,921,360,6276.79543995,7864.99773885,0,0,0,0,0,0,51557.68,66.4,101,6644,1,1,0,0,0,0,0,0,1,0,0,930,411,1457,1976,0.9828,0.6608261,7
"274",270517,716,195022.349249,58582.304,112490.488,171072.792,140,1997,1997,2,0,0,1,143446.059666,1,2,3,2.25,1,2,1032,0,880,138833.01454659,175277.4016266,921,211,4613.8256073,6188.3171532,0,0,0,0,0,0,49374,75,105,7875,1,0,0,0,1,0,0,0,0,0,0,1020,140,1032,1912,1.02,0.6623487,5
"275",300717,737,145301.596986,58649.536,79424.576,138074.112,90,1995,1995,2,0,0,0,95635.3678945,0.945,2,2,1.5,1,0,928,0,570,95635.40383481,121317.9540174,0,0,0,0,0,0,0,0,0,0,46534.19,60,119.8,7192,1,0,0,0,0,1,0,0,0,1,0,928,358,928,1498,0.9639,0.6639164,7
"276",81017,737,169252.409676,54174.912,90451.328,144626.24,90,1998,1998,2,0,0,1,112167.9104945,0.945,2,3,1,1,1,1033,0,600,108829.01975519,129706.96147605,921,200,3338.1359928,4208.2508979,0,0,0,0,0,0,50299.68,65.4,120.5,7885,1,0,0,0,1,0,0,0,0,0,0,990,390,1033,1633,0.9639,0.6664526,10
"277",60317,716,131067.651722,57180.068,86782.828,143962.896,140,2000,2000,2,0,0,1,115533.147639,1,-2,3,1.5,0,1,1040,0,0,110093.5277715,132558.8246892,921,297,5439.6198675,7068.9359286,0,0,0,0,0,0,48277.66,53,115,6095,1,0,0,0,0,0,0,0,0,0,0,1040,1040,1040,1040,0.98,0.6679134,3
"278",250317,737,138914.713602,61685.888,83739.392,145425.28,90,1994,1994,2,0,0,0,101035.399472,0.945,4,3,1.75,1,1,1029,0,457,101034.93224797,129532.29156945,0,0,0,0,0,0,0,0,0,0,49036.95,50,120,6000,1,0,0,0,0,0,0,0,0,0,0,1029,572,1029,1486,0.9828,0.6683711,3
"279",10417,736,131015.24990225,47489.046,80761.626,128250.672,90,1994,1994,2,0,0,0,97410.8192085,0.945,2,3,1,1,0,1054,0,700,97411.43019377,124887.36590505,0,0,0,0,0,0,0,0,0,0,38788.23,55,120,6600,1,0,0,0,0,0,0,0,0,0,0,1027,327,1054,1754,0.9639,0.668389,4
"280",10617,716,268451.81678,55777.832,172786.636,228564.468,145,2015,2015,2,0,1,0,224009.37559,1.22,4,3,2,1,1,1654,0,100,216751.305771,216751.305771,0,0,0,0,930,108,3,7257.335085,7741.7084745,0,47230.49,55.7,125,6971,1,0,0,0,0,0,0,0,0,0,0,1654,1554,1654,1754,1.2688,0.6696897,6
"281",101017,737,142906.515717,61685.888,75109.76,136795.648,90,1992,1992,2,0,0,1,94359.4868895,0.945,2,3,1,1,0,992,0,300,91730.291481605,116016.3988893,911,348,2629.7524827,3516.0405273,0,0,0,0,0,0,42795.88,79.9,108,8625,1,0,0,1,0,1,1,0,0,0,0,960,660,992,1292,0.9639,0.6697664,10
"282",220617,715,113935.594437,41673.819,69599.574,111273.393,90,1985,1985,2,0,0,0,91406.990423,0.945,-1,3,1,2,0,1024,0,562,91406.900572225,122974.0835022,0,0,0,0,0,0,0,0,0,0,42858.76,50,120,6000,0,1,0,0,0,0,0,0,0,0,0,1024,462,1024,1586,0.93555,0.6701477,6
"283",270417,713,109921.123466,43876.8,61573.776,105450.576,90,1979,1979,2,0,0,0,74236.5073205,0.945,-6,2,1,1,0,894,0,264,74236.36355926,101973.26186145,0,0,0,0,0,0,0,0,0,0,42888.56,50,120,6000,0,1,0,0,0,0,0,0,0,0,0,894,630,894,1158,0.8883,0.6723834,4
"284",290617,716,153807.0997316,57647.48,109062.8,166710.28,140,1999,1999,2,1,0,1,143598.349986,1,0,3,1.5,0,1,1118,0,720,139057.28107908,172099.2930111,921,245,4541.8684311,5962.166028,0,0,0,0,0,0,48587.17,54,115,6210,1,0,0,0,0,0,0,0,0,0,0,1118,398,1118,1838,1,0.6751411,6
"285",290417,731,146211.4610005,55124.696,67833.084,122957.78,81,1971,1971,2,0,0,0,72809.4997525,0.783,0,4,1,0,0,888,312,0,72809.00306204,102115.6560081,0,0,0,0,0,0,0,0,0,0,43947.37,60,110,6600,0,1,1,0,0,0,0,0,0,0,0,888,888,1200,1200,0.783,0.676334,4
"286",210917,737,138914.713602,60407.424,104354.624,164762.048,140,1999,1999,5,0,0,1,131413.220757,1,-3,2,1.75,1,1,1025,0,675,126805.79134314,156340.6714233,921,286,4606.9725429,6049.5425991,0,0,0,0,0,0,53078.6,59,178.2,10511,1,0,0,0,0,0,0,0,0,0,0,1025,350,1025,1700,0.97,0.6787864,9
"287",290617,732,175140.16526125,58941.168,106913.136,165854.304,140,1989,1989,5,0,0,1,138751.710552,1,-2,3,2.25,1,2,1261,0,672,131452.56876843,174007.8714465,921,528,7298.513586,10522.8803862,0,0,0,0,0,0,49137.84,65,110,7150,1,0,0,0,0,0,0,0,1,0,0,1261,589,1261,1933,0.98,0.6813664,6
"288",210517,737,132527.830218,57690.688,76228.416,133919.104,90,1996,1996,2,0,0,0,91620.8352675,0.945,0,3,1,0,0,992,0,400,91621.032939205,115000.7257287,0,0,0,0,0,0,0,0,0,0,45785.37,57.2,105,6006,1,0,0,0,0,0,0,0,0,0,0,960,560,992,1392,0.945,0.6836835,5
"289",101017,716,198970.170084,57803.284,125110.612,182913.896,140,1998,1998,2,0,0,1,163997.63835,1,0,3,2.25,1,2,1271,0,1100,154596.39520689,187679.7349245,921,410,9400.6910907,12474.2904741,0,0,0,0,0,0,47000.07,55,115,6325,1,0,0,0,1,0,0,0,0,0,0,1242,142,1271,2371,1,0.6853004,10
"290",101017,737,183622.89729,53535.68,112824.448,166360.128,140,1999,1999,2,0,0,1,142202.989929,1,0,3,1.5,0,1,1266,0,198,137283.84126639,169347.7876545,921,360,4918.7869731,6457.2999309,0,0,0,0,0,0,49720.68,68,110.8,7536,1,0,0,0,0,0,0,0,0,0,0,1204,1006,1266,1464,1,0.6865177,10
"291",110817,713,137758.291097,51482.112,94773.888,146256,90,1984,1984,4,0,0,1,129306.047318,0.945,2,3,1.75,2,1,1010,0,1010,122260.77616963,155339.7702696,921,345,7045.0195662,9762.1070022,0,0,0,0,0,0,46036.32,60,136,8160,0,0,0,0,0,0,0,0,1,0,0,1010,0,1010,1970,0.9639,0.689964,8
"292",280917,716,180810.194243,62633.208,107193.152,169826.36,140,1997,1997,2,0,0,1,139850.104485,1,1,3,2.25,1,1,1196,0,800,132371.98350285,163097.7929217,921,468,7478.4065265,10027.7464833,0,0,0,0,0,0,50396.9,70,125,8746,1,0,0,0,0,0,0,0,0,0,0,1196,396,1196,1996,1.01,0.6928706,9
"293",300317,736,131772.5634855,50665.065,86811.186,137476.251,90,1994,1994,2,0,0,0,104766.00365,0.945,4,3,1.5,1,0,1092,0,700,104766.32711279,134316.30623355,0,0,0,0,0,0,0,0,0,0,41409.87,60,120,7200,1,0,0,0,0,0,0,0,0,0,0,1092,392,1092,1792,0.9828,0.6941791,3
"294",100817,713,157030.17638,49580.784,104573.04,154153.824,140,1982,1982,2,0,0,1,142300.075008,1,1,3,1.75,0,2,1190,0,770,135223.12480131,184013.3454705,921,535,7077.5022591,10462.9160727,0,0,0,0,0,0,44686.36,60,119,7140,0,0,0,0,0,0,0,0,0,0,0,1190,420,1190,1960,1.01,0.7018338,8
"295",80417,737,140032.4181942,59288.768,77986.304,137275.072,90,1996,1996,2,0,0,0,93856.3225495,0.945,1,3,1,1,0,988,0,460,93855.63968361,117805.148118,0,0,0,0,0,0,0,0,0,0,47032.6,65,116.3,7557,1,0,0,0,0,0,0,0,0,0,0,988,528,988,1448,0.95445,0.7020024,4
"296",300617,715,126595.10493,62725.542,80913.085,143638.627,140,1989,1989,2,0,0,1,99940.5225,1,-3,2,1,0,1,1004,0,0,96201.2240553,129589.7345379,921,234,3740.0598963,5393.3616828,0,0,0,0,0,0,55284.75,62,105,6510,1,0,0,0,0,0,0,0,0,0,0,1004,1004,1004,1004,0.97,0.7027853,6
"297",120517,737,140511.434448,52097.408,75748.992,127846.4,90,1998,1998,2,0,0,0,91033.211199,0.945,0,3,1,0,0,960,0,0,91034.019855975,111931.0638516,0,0,0,0,0,0,0,0,0,0,48459.46,55,120,6600,1,0,1,0,0,0,0,0,0,0,0,960,960,960,960,0.945,0.7034447,5
"298",60817,737,198392.5651155,58010.304,126727.744,184738.048,140,1999,1999,2,0,1,0,157422.503784,1,5,3,1.75,1,2,1199,0,738,154451.58614886,193802.9479659,0,0,0,0,920,0,3,2970.8034174,3901.1069097,0,52303.72,80,120.1,9611,1,0,0,1,0,0,1,0,0,1,0,1175,437,1199,1937,1.05,0.7035102,8
"299",230417,737,172445.851368,56252.416,96683.84,152936.256,90,2006,2006,2,0,0,1,121451.2925675,0.945,2,3,1,0,1,966,0,0,114872.436792155,121676.9977143,921,420,6579.2331486,7562.5600302,0,0,0,0,0,0,50142.4,52.5,109.5,5748,1,0,0,0,0,0,0,0,0,0,0,933,933,966,966,0.9639,0.7063361,4
"300",101017,713,138472.064626,46948.176,79563.264,126511.44,90,1979,1979,2,0,0,1,100490.9037755,0.945,2,3,1.5,1,1,984,0,750,96445.085108645,130507.5318813,921,304,4046.5195029,5882.17083615,0,0,0,0,0,0,45715.68,66,120,7920,0,1,0,0,0,0,0,0,0,0,0,984,234,984,1734,0.9639,0.7063772,10
"301",190517,716,142121.55006,50792.104,83978.356,134770.46,140,1999,1999,2,0,0,1,113627.61501,1,-2,3,1.5,1,0,980,0,300,106792.84448469,127886.7480345,921,405,6834.2184729,8974.0878318,0,0,0,0,0,0,44660.24,55,110,6050,1,0,0,0,0,0,0,1,1,0,0,948,648,980,1280,0.98,0.7090161,5
"302",160317,713,112776.217582,39196.608,62890.08,102086.688,80,1978,1978,2,0,1,0,86564.2777055,0.783,0,3,1,0,0,1014,0,0,79181.57714173,105354.96475455,0,0,0,0,920,384,2,7382.2393512,11159.5702995,0,38191.76,50,117.5,5875,0,1,0,0,0,0,0,0,0,0,0,1014,1014,1014,1014,0.783,0.7121856,3
"303",130817,713,127051.688162,42706.752,64791.408,107498.16,90,1977,1977,3,0,1,0,91205.724687,0.945,2,2,1,0,0,1064,0,0,83235.42183985,116383.52915595,0,0,0,0,920,320,2,7970.1231456,12718.5569028,0,34385.64,55,110,6050,0,1,0,0,1,1,0,0,0,0,0,1064,1064,1064,1064,0.9639,0.7128807,8
"304",71017,736,148433.462317,49303.914,120537.483,169841.397,140,1998,1998,2,0,0,1,120259.858446,1,2,3,1.75,1,2,1200,0,880,120259.97266374,144890.914077,921,528,8682.8325948,11974.0167729,0,0,0,0,0,0,42115.47,63,110,6930,0,0,1,0,0,0,0,0,0,0,0,1200,320,1200,2080,1.02,0.7170744,10
"305",101017,713,103497.161705,41244.192,56162.304,97406.496,80,1977,2003,2,0,0,0,70448.446173,0.783,0,2,1,0,0,1001,0,0,69691.66730141,79237.7386416,0,0,0,0,0,0,0,0,0,757.4529515,40192.93,50,117,5850,0,1,0,0,0,0,0,0,0,0,1001,0,0,1001,1001,0.783,0.7183941,10
"306",40917,716,123961.574219,48455.044,69955.996,118411.04,90,1995,1995,2,0,1,0,99112.592887,0.945,0,3,1,0,0,972,0,0,87713.65634647,96809.1784191,0,0,0,0,920,420,2,11398.8287196,14837.2381773,0,43676.56,70,89,6230,1,1,0,1,0,0,0,0,0,0,972,0,0,972,972,0.945,0.720811,9
"307",160717,716,142121.55006,47987.632,91456.948,139444.58,90,1991,1991,2,0,0,1,114511.2187065,0.945,4,3,1.75,0,1,1084,0,491,109950.375397345,138306.2197482,921,311,4560.825339,6145.79301,0,0,0,0,0,0,43672.64,61.8,120,7416,1,0,0,0,0,0,0,0,0,0,0,1084,593,1084,1575,0.9828,0.7213464,7
"308",250817,713,157030.17638,47533.2,107351.904,154885.104,90,1971,1992,6,1,1,0,137822.1037725,0.945,5,2,1,1,1,1605,0,0,131094.58090484,173212.70673105,0,0,0,0,920,256,2,6728.026032,9639.191142,0,41165.79,91.1,110,10021,0,1,1,0,1,0,0,0,0,0,0,1605,1605,1605,1605,0.99225,0.7223741,8
"309",80917,716,178441.501742,58270.696,103298.052,161568.748,140,1996,1996,2,0,0,1,131803.464702,1,0,3,2,1,1,1126,0,700,127384.91335752,162253.1527344,921,264,4418.5132719,5987.8650195,0,0,0,0,0,0,47607.12,58,115,6670,1,0,0,0,1,0,0,1,1,0,0,1056,356,1126,1826,1,0.7256367,9
"310",290417,716,194232.785082,53908.184,116385.588,170293.772,140,1999,1999,2,0,1,1,165550.999614,1,-2,3,2.25,1,1,1152,0,730,148344.11611929,167776.7226408,921,266,4615.5388734,6061.5354618,920,480,2,12590.7925689,16531.3045989,0,45648.23,57.1,105,5996,1,0,0,0,0,0,0,1,1,0,0,1152,422,1152,1882,0.98,0.7257766,4
"311",290517,713,80656.408777,45631.872,31883.808,77515.68,40,1977,1977,1,0,1,0,46039.727216,0.507,0,2,1,0,1,552,0,0,42600.24874602,56210.295456,0,0,0,0,910,242,1,3439.0129158,5081.1657561,0,41131.27,50,120,6000,0,1,0,0,0,1,0,1,1,0,552,0,0,552,552,0.507,0.7262008,5
"312",200817,716,197391.04175,59049.716,113892.724,172942.44,140,1997,1997,2,0,0,1,146769.7959,1,2,3,2,1,2,1272,0,587,140858.22833082,176226.551046,921,362,5912.4813111,7928.9955108,0,0,0,0,0,0,48213.9,65,110,7150,1,0,0,0,0,0,0,0,0,0,0,1272,685,1272,1859,1.02,0.72647,8
"313",280417,736,143889.5808175,50513.826,92407.029,142920.855,90,1996,1996,2,0,1,0,111303.546039,0.945,2,3,1,1,1,1136,0,400,108125.470216785,131726.9865996,0,0,0,0,920,0,3,3178.02191175,4091.8042935,0,44013.97,57,115,6555,1,0,0,0,0,0,0,1,1,0,0,1100,700,1136,1536,0.9639,0.7274703,4
"314",270317,713,104210.935234,53090.928,55284.768,108375.696,80,1976,1976,2,0,1,0,91474.4176815,0.783,5,3,1,0,0,1107,0,0,88884.42527783,116096.25073095,0,0,0,0,910,460,2,2589.5311911,3489.9600393,0,53462.99,83,120,9960,0,1,0,0,0,0,0,0,0,0,1107,0,0,1107,1107,0.82215,0.7323719,3
"315",20617,713,119913.952872,48849.504,63913.872,112763.376,80,1975,1998,2,0,0,1,87942.593732,0.783,5,2,1.5,0,0,952,0,100,84346.004894305,99594.77453415,921,198,3242.50175655,3892.2793119,0,0,0,0,0,354.7789,43817.29,75,105.1,7883,0,1,0,0,0,0,0,1,1,0,0,952,852,952,1052,0.82215,0.7398552,6
"316",270417,731,152618.48007805,55124.696,96055.608,151180.304,90,1986,1986,3,0,0,0,109114.78116,0.945,0,3,1.5,1,1,1024,0,649,109113.99047318,134251.61367555,0,0,0,0,0,0,0,0,0,0,43947.37,66,110,6600,0,1,0,0,0,0,0,1,1,0,0,1024,375,1024,1673,0.945,0.7406846,4
"317",190317,731,193853.397731,56280.004,118666.636,174946.64,140,1981,1981,3,0,0,1,135625.951734,1,2,2,2,1,2,1256,0,596,129003.94982202,177672.5476344,921,440,6621.7734765,9899.2515258,0,0,0,0,0,0,46797.18,80,110,8800,0,1,0,0,0,0,0,0,0,0,0,1256,660,1256,1852,1.02,0.7414985,3
"318",101017,716,168966.731738,54219.792,107972.172,162191.964,140,2000,2000,2,0,0,1,141312.091557,1,8,2,2.5,1,2,1032,0,660,137297.28088713,168820.1016957,921,225,4014.1824723,5216.8952745,0,0,0,0,0,0,45783.97,58,105,6090,1,0,0,0,0,0,0,0,0,0,0,1032,372,1032,1692,1.08,0.7433775,10
"319",100417,713,92790.55877,46363.152,58648.656,105011.808,80,1974,1974,7,0,0,0,74915.112524,0.783,8,2,1.5,1,0,960,0,440,74559.854672485,111190.1907123,0,0,0,0,0,0,0,0,0,354.7789,44027.78,60,110,6600,0,1,0,0,0,0,0,0,0,0,0,960,520,960,1400,0.84564,0.7465879,4
"320",300317,713,138472.064626,48849.504,89362.416,138211.92,90,1982,1982,2,1,0,1,122624.743689,0.945,0,3,1,0,1,1164,0,590,114200.065472675,144502.14949065,921,495,8424.58836555,10028.96380395,0,0,0,0,0,0,43947.37,60,110,6600,0,0,0,0,1,0,0,0,0,0,0,1164,574,1164,1754,0.945,0.746739,3
"321",101017,713,101434.06203,35161.137,47420.384,82581.521,40,1955,1955,2,0,0,0,53408.017411,0.507,10,2,1,0,0,720,0,0,52154.51278135,75039.4552068,0,0,0,0,0,0,0,0,0,1253.4151,37963.64,60,110,6600,0,1,0,0,0,0,0,0,1,0,0,720,720,720,720,0.5577,0.7486255,10
"322",280717,713,89220.263577942,42560.496,44023.056,86583.552,80,1973,1973,2,0,1,0,63643.786871,0.783,-8,2,1,0,1,760,0,0,55255.28812573,68423.0134329,0,0,0,0,910,756,2,8388.0375327,12613.98640005,0,41471.46,50,117.5,5875,0,1,0,0,0,0,0,0,0,0,760,0,0,760,760,0.72036,0.7508102,7
"323",270317,736,146161.52156725,49303.914,93768.18,143072.094,140,1994,1994,4,0,0,0,114324.343224,1,0,3,1.5,2,2,1017,0,544,114323.84828046,154074.020373,0,0,0,0,0,0,0,0,0,0,40152.48,65,120,7800,1,0,0,0,0,0,0,0,0,0,0,984,440,1017,1561,1,0.7541401,3
"324",300417,715,128705.0233455,41673.819,74468.68,116142.499,90,1988,1988,2,0,0,0,97863.6671145,0.945,0,3,1,1,1,1110,0,468,97864.080428065,130780.85793885,0,0,0,0,0,0,0,0,0,0,42858.76,50,120,6000,0,1,0,0,0,0,0,0,0,0,0,1110,642,1110,1578,0.945,0.7546171,4
"325",300417,716,134225.90839,60607.756,87561.848,148169.604,90,1996,1996,4,0,0,1,115116.81293,0.945,3,2,1,0,1,1040,0,120,106899.150899275,139551.5514897,921,242,8217.57217995,11958.4193463,0,0,0,0,0,0,57292.3,67.3,116,7804,1,0,0,0,0,0,0,0,0,0,0,1040,920,1040,1160,0.97335,0.7557035,4
"326",270317,713,135616.97051,46363.152,82049.616,128412.768,81,1971,1971,2,0,0,1,117520.510625,0.783,8,3,2,1,1,1113,312,0,113411.479144145,138444.12842085,911,216,4109.4039987,5340.30939225,0,0,0,0,0,0,41627.38,60,110,6600,0,1,0,0,0,0,0,0,0,0,0,1113,1113,1425,1425,0.84564,0.7630299,3
"327",300417,731,137997.333978,55124.696,58755.664,113880.36,81,1971,1971,3,0,0,0,63537.353201,0.783,0,4,1,0,0,888,312,0,63537.95632513,104504.0275629,0,0,0,0,0,0,0,0,0,0,43947.37,60,110,6600,0,1,1,0,1,0,0,0,0,0,0,888,888,1200,1200,0.783,0.7640154,4
"328",290617,716,143700.678394,50792.104,80862.276,131654.38,140,2001,2001,2,0,0,0,102447.601893,1,-2,3,1.5,0,1,1000,0,0,102447.7922559,128219.1216579,0,0,0,0,0,0,0,0,0,0,43034.64,45,115.5,5198,1,0,0,0,0,0,0,1,1,0,0,1000,1000,1000,1000,0.98,0.7676876,6
"329",110517,716,142121.55006,42378.688,93794.008,136172.696,140,2000,2000,2,0,0,1,117775.622601,1,0,2,1.5,0,1,1033,0,158,112802.60123769,139946.4281124,921,288,4973.6114883,6464.1529953,0,0,0,0,0,0,34999.09,60,130,7800,1,0,0,0,1,0,0,0,0,0,0,966,808,1033,1191,1,0.7697923,5
"330",50617,737,218750.755902,58329.92,170195.52,228525.44,142,2008,2008,2,0,1,0,226884.022365,1,6,3,2.5,1,1,1401,418,0,206315.5013829,224554.3611948,0,0,0,0,920,221,3,11254.4450109,13075.6468752,9314.456697,51949.61,52.5,118.1,6200,1,0,0,0,0,0,0,0,0,1,0,1401,1401,1819,1819,1.06,0.7703131,6
"331",120317,716,151596.320064,57180.068,88185.064,145365.132,140,2000,2000,2,0,0,0,124196.563218,1,-2,2,1.75,1,1,1074,0,540,124197.05816154,157312.093302,0,0,0,0,0,0,0,0,0,0,48277.66,53,115,6095,1,0,0,0,0,0,0,1,1,0,0,960,420,1074,1614,0.98,0.7715558,3
"332",130317,713,102069.614647,42560.496,50458.32,93018.816,90,1982,1982,2,0,0,1,63393.3157935,0.945,-5,2,1,0,0,944,0,0,60630.314611475,84850.7590728,921,198,2762.3722266,4172.669991,0,0,0,0,0,0,34287.01,50,120,6000,0,1,1,0,0,0,0,0,0,0,944,0,0,944,944,0.89775,0.773277,3
"333",280717,736,227194.074975,56412.147,209012.298,265424.445,140,2003,2003,2,0,1,1,268225.133358,1,4,4,2.25,1,2,1978,0,1600,247628.8193925,277646.7643677,921,161,2917.6921683,3657.8231235,920,552,2,17106.9620085,21438.0987093,571.0887,50867,69.6,120,8352,1,0,0,1,0,0,1,0,1,1,0,1978,378,1978,3578,1.04,0.7741265,7
"334",101017,713,109921.123466,51482.112,65083.92,116566.032,51,1947,1947,2,0,1,0,75942.1897325,0.767,0,4,1.75,1,0,816,272,538,71881.01166974,92902.80107745,0,0,0,0,910,308,2,4061.3724333,6659.1347004,0,45839.2,60.6,110,6666,0,1,1,0,0,0,0,0,0,0,0,816,278,1088,1626,0.767,0.7746859,10
"335",300417,737,209170.430826,58329.92,147662.592,205992.512,140,2008,2008,2,0,0,1,188451.656484,1,5,3,2.25,1,1,1325,0,1313,178835.8553163,192142.793115,921,490,9614.8493532,11170.494972,0,0,0,0,0,0,51949.61,52.5,118.1,6200,1,0,0,0,0,0,0,0,0,0,0,1313,0,1325,2625,1.05,0.776675,4
"336",80517,736,136316.444985,50060.109,74258.349,124318.458,90,1994,1994,2,0,0,1,90332.375154,0.945,2,2,2,1,0,904,0,600,89640.91952991,121848.432993,911,400,692.2103706,2665.3333896,0,0,0,0,0,0,40657.54,63.3,129.5,8197,1,1,0,0,0,0,0,0,0,0,0,874,274,904,1504,0.9639,0.7767375,5
"337",290917,716,150017.19173,45650.572,88340.868,133991.44,90,1996,1996,2,0,0,1,112367.379215,0.945,2,2,1,1,1,934,0,455,107947.493801665,129944.7066267,921,266,4420.11902535,5691.32779005,0,0,0,0,0,0,37559.43,44,112,4928,1,0,0,0,0,0,0,0,0,0,0,934,479,934,1389,0.9639,0.7803907,9
"338",270817,734,103424.54892,36001.504,55778.646,91780.15,90,1977,1977,2,0,0,0,93523.874682,0.945,0,3,2,1,0,1008,0,900,93524.44972696,134238.67516395,0,0,0,0,0,0,0,0,0,0,38860.16,100,112,11200,0,1,0,0,0,0,0,0,0,0,0,1008,108,1008,1908,0.945,0.7807967,8
"339",160317,737,244298.289438,67598.784,175788.8,243387.584,142,2012,2012,2,0,1,0,232827.152103,1,1,4,2.5,1,1,1179,1020,0,214609.0418472,209289.1602438,0,0,0,0,930,441,1,18218.8717074,19839.621438,0,57550.86,75.6,135.5,10236,1,0,0,1,0,0,1,0,0,0,0,1167,1167,2199,2199,1.01,0.7819129,3
"340",210717,737,228171.4088934,59128.96,146224.32,205353.28,140,2008,2008,2,0,1,0,183595.498905,1,6,3,2.5,1,2,1295,0,1000,176904.49044177,193659.0336135,0,0,0,0,920,0,3,4314.0040398,5013.0166086,2377.632621,52884.45,59.1,112.1,6620,1,0,0,0,0,0,0,0,0,0,0,1260,260,1295,2295,1.06,0.7844809,7
"341",300717,716,165808.47507,58270.696,87250.24,145520.936,90,1996,1996,4,0,0,0,106661.8550025,0.945,0,3,1.75,1,1,1008,0,450,106661.17213661,133879.63146705,0,0,0,0,0,0,0,0,0,0,47611.52,58,115.1,6674,1,0,0,0,0,0,0,0,0,0,0,1008,558,1008,1458,0.945,0.7846766,7
"342",290717,737,183622.89729,57530.88,132800.448,190331.328,140,2003,2003,2,0,0,1,159678.304149,1,0,3,2.75,1,2,1176,0,1176,151587.38595546,180115.665093,921,380,8090.0425242,11132.8031178,0,0,0,0,0,0,43952.49,62.5,118.9,7431,1,0,0,0,0,0,1,0,0,0,0,1176,0,1176,2293,1,0.7846908,7
"343",200317,736,181755.25998,49001.436,149121.654,198123.09,142,1996,1996,2,0,1,1,188257.486326,1,8,3,2.75,2,2,1051,703,400,177490.29419394,234856.2302541,921,175,3404.2597407,4613.8256073,920,299,1,6601.2142833,8946.6755742,761.4516,44651.25,62.5,106,6625,1,0,0,1,0,0,0,1,1,0,0,1002,602,1754,2154,1.08,0.7856369,3
"344",250917,734,118291.82782725,33396.132,52936.422,86332.554,90,1976,1976,2,0,0,0,88795.9269015,0.945,0,3,1,1,0,1001,0,540,88795.10027437,128076.70901445,0,0,0,0,0,0,0,0,0,0,32441.46,75,120.2,9015,0,1,0,0,0,0,0,0,0,0,0,1001,461,1001,1541,0.945,0.7882969,9
"345",80517,716,157912.8334,61542.58,106569.936,168112.516,140,1996,1996,2,0,0,1,136315.065432,1,0,3,2.25,0,2,1178,0,600,131574.85789539,167358.6857124,921,286,4740.6072987,6424.747875,0,0,0,0,0,0,49660.91,68.4,124.9,8536,1,0,0,0,0,0,0,0,0,0,0,1104,504,1178,1778,1,0.789057,5
"346",110617,737,207573.70998,62644.736,126408.128,189052.864,140,2011,2011,8,0,0,1,161473.426296,1,-4,3,2.25,1,1,1048,0,450,153419.13392442,155972.3192118,921,380,8054.0639361,8830.1734794,0,0,0,0,0,0,55538.03,70.5,118.1,8331,1,0,0,0,0,0,1,0,0,1,0,1048,598,1048,1498,0.96,0.7935365,6
"347",260617,716,138963.293392,42067.08,81485.492,123552.572,140,1999,1999,2,0,0,0,105006.079269,1,-2,3,1.5,0,0,1000,0,120,103483.15703271,130730.7697605,0,0,0,0,0,0,0,0,0,1522.9032,37598.6,44,110,4840,1,0,0,0,0,0,0,1,1,0,0,1000,880,1000,1120,0.98,0.7938741,6
"348",40517,715,118155.431268,50839.195,75614.352,126453.547,90,1989,1989,2,0,0,0,90145.485542,0.945,0,2,1.75,1,0,912,0,660,90144.748765645,120192.3035082,0,0,0,0,0,0,0,0,0,0,49705.29,60,115,6900,1,0,0,0,0,0,0,0,0,0,0,912,252,912,1572,0.945,0.7951936,5
"349",280717,731,134711.683169,45387.1,82852.088,128239.188,90,1984,1984,2,0,0,0,94224.710727,0.945,0,3,1,0,0,959,0,300,94224.872458395,121144.90142475,0,0,0,0,0,0,0,0,0,0,37812.5,60,100,6000,0,1,1,0,0,0,0,0,0,0,0,959,659,959,1259,0.945,0.7953326,7
"350",150517,715,146287.676808,50266.359,110700.557,160966.916,90,1989,1989,5,0,0,1,137543.56637,0.945,3,3,2,1,2,1254,0,600,132623.98485658,170272.42996995,921,320,4919.8690359,6739.34722965,0,0,0,0,0,0,49207.74,57,115,6555,1,0,0,0,0,0,0,0,0,0,0,1200,600,1254,1854,0.97335,0.7963495,5
"351",160317,732,136301.5512075,47971.968,86291.04,134263.008,90,1980,1980,2,0,1,0,112566.8479355,0.945,0,3,1.5,1,1,1164,0,405,104570.614154685,134880.7488021,0,0,0,0,920,336,2,7996.0001688,11489.3983008,0,43078.8,50,122,6100,0,1,1,0,0,0,0,0,1,0,0,1164,759,1164,1569,0.945,0.7984725,3
"352",140817,731,104319.41318575,55124.696,46542.408,101667.104,51,1947,1947,2,0,1,0,72025.6233515,0.767,0,4,1,0,0,934,360,0,68973.3579717,96942.306825,0,0,0,0,910,222,1,3052.5893307,4624.0751466,0,43947.37,60,110,6600,0,1,0,0,0,0,0,1,1,0,0,934,934,1294,1294,0.767,0.8071913,8
"353",160317,737,213960.593364,56092.608,133599.488,189692.096,140,2010,2010,8,0,1,0,164395.496811,1,4,3,2,1,1,1190,0,453,160516.96694124,171208.3946391,0,0,0,0,920,0,3,3878.8344504,4334.563233,0,50064.56,54.9,104.5,5737,1,0,0,1,0,0,1,0,0,0,0,1148,695,1190,1643,1.04,0.8093826,3
"354",40817,716,150017.19173,46273.788,96442.676,142716.464,140,1992,1992,2,0,0,0,116922.796809,1,-2,2,1.75,1,2,1040,0,825,116922.14957514,160034.4731349,0,0,0,0,0,0,0,0,0,0,43038.56,60,120,7200,1,0,0,0,0,0,0,0,0,0,0,1040,215,1040,1865,0.98,0.8122954,8
"355",160917,713,127765.461691,43876.8,65230.176,109106.976,80,1979,1979,2,1,1,0,93267.825021,0.783,5,3,1,0,0,960,0,680,82076.590704675,111209.3487729,0,0,0,0,920,484,2,11191.5004005,15490.88850015,0,42888.56,50,120,6000,0,1,0,0,0,0,0,0,0,0,0,960,280,960,1640,0.82215,0.8123314,9
"356",230417,715,195519.106503,52987.33,125451.084,178438.414,140,1989,1989,2,0,1,0,170188.239858,1,0,3,2.5,1,2,1400,0,1000,157664.43599361,203421.2238513,0,0,0,0,920,472,1,12523.975191,18059.5379601,0,51800,60,110,6600,1,0,0,0,1,0,0,0,0,0,0,1400,400,1400,2400,1,0.8133456,4
"357",20917,713,122769.046988,45631.872,69471.6,115103.472,90,1987,1987,3,0,0,0,89309.8733345,0.945,0,3,1.5,0,0,988,0,605,89309.819424035,119606.8358583,0,0,0,0,0,0,0,0,0,0,41131.27,50,120,6000,0,1,0,0,0,0,0,0,0,0,0,988,383,988,1593,0.945,0.8146206,9
"358",280917,716,164229.346736,59672.932,98156.52,157829.452,90,2001,2001,8,0,0,1,125444.2610085,0.945,4,3,1,0,1,1084,0,370,119705.09666584,135673.2326376,921,336,5739.84720855,6999.7347756,0,0,0,0,0,0,48633.96,83.4,88.4,7373,1,0,0,0,1,0,0,0,0,0,0,1050,680,1084,1454,0.9828,0.8170424,9
"359",290517,732,148026.4158275,49873.296,106474.368,156347.664,140,1989,1989,6,0,0,1,135962.894067,1,0,3,2.25,1,1,1131,0,650,130595.59306521,164739.1018455,921,264,4415.0867397,6366.4968276,0,0,0,0,0,951.8145,44900.09,66,110,7260,1,1,0,0,0,0,0,0,1,0,0,1131,481,1131,1781,1,0.8171366,5
"360",300717,716,146069.370895,52505.948,88808.28,141314.228,140,1998,1998,2,0,0,1,117187.40124,1,-2,2,2,1,1,940,0,751,113101.16641005,140910.9969267,921,234,4086.1396485,5422.4872065,0,0,0,0,0,0,47500.28,58,120,6960,1,0,0,0,0,0,0,0,0,0,0,884,133,940,1691,0.98,0.8192484,7
"361",20717,716,150017.19173,70111.8,88340.868,158452.668,90,1997,1997,2,0,0,1,112038.5253785,0.945,4,2,1,2,2,1040,0,650,108084.354502145,137919.68171415,921,312,3954.33260775,5379.1861977,0,0,0,0,0,0,50769.86,92.6,136.4,12633,1,0,0,0,0,0,0,0,0,0,0,1040,390,1040,1690,0.9828,0.8238097,7
"362",260317,737,135721.27191,57051.456,87574.784,144626.24,90,1990,1990,2,0,0,1,110568.5666995,0.945,2,3,1,0,1,1060,0,318,105995.5216551,134156.1921525,921,294,4573.7638506,6213.7201959,0,0,0,0,0,0,45217.66,60,105,6300,1,0,0,0,0,0,0,0,0,0,0,1060,742,1060,1378,0.9639,0.8294139,3
"363",300917,716,173546.2039066,50792.104,95352.048,146144.152,140,2001,2001,2,0,1,0,131150.519955,1,-2,3,1.5,0,1,1000,0,0,120646.35224187,130115.7072306,0,0,0,0,920,432,2,10504.0344591,13485.1174731,0,43034.64,45,115.5,5198,1,0,0,0,0,0,0,0,0,0,0,1000,1000,1000,1000,0.98,0.8296288,9
"364",110617,736,154491.970983,49303.914,120537.483,169841.397,140,1998,1998,2,0,0,1,151496.506707,1,2,3,1.5,1,2,1200,0,880,142813.31242269,180007.7293287,921,528,8682.8325948,11974.0167729,0,0,0,0,0,0,42972.25,63,110,6930,0,0,1,0,0,0,0,0,0,0,0,1200,320,1200,2080,1.02,0.8328853,6
"365",260817,716,208444.940088,61698.384,113736.92,175435.304,140,1996,1996,2,0,1,0,149916.494637,1,2,3,2.25,1,2,1291,0,550,140391.4965726,172678.3769529,0,0,0,0,920,312,1,9524.0462499,12907.7467974,0,49932.08,70,119,8330,1,0,0,0,0,0,0,0,0,0,0,1215,665,1291,1841,1.02,0.8334228,8
"366",80717,716,192653.656748,52038.536,110309.232,162347.768,140,1999,1999,2,0,0,1,148285.084584,1,0,3,1.5,0,1,1131,0,0,140425.22887848,159887.1322503,921,450,7860.4648668,10320.7149864,0,0,0,0,0,0,47023.68,104.9,126.8,13301,1,0,0,1,0,0,0,0,0,0,0,1131,1131,1131,1131,1,0.834234,7
"367",280717,731,84605.50833175,52483.992,36804.812,89288.804,40,1971,1971,2,0,0,0,43892.806209,0.507,10,2,1,0,0,592,0,0,43893.50454027,64549.9823535,0,0,0,0,0,0,0,0,0,0,41842.11,60,110,6600,0,1,0,0,0,0,0,0,0,0,0,592,592,592,592,0.5577,0.8389852,7
"368",280417,716,147648.499229,56401.048,87561.848,143962.896,90,1996,1996,2,0,0,0,107078.7625985,0.945,3,3,1.75,1,1,1100,0,495,107079.211852375,134403.64118685,0,0,0,0,0,0,0,0,0,0,46028.61,58.3,124.3,7247,1,0,0,0,0,0,1,0,0,0,0,1100,605,1100,1595,0.97335,0.8435136,4
"369",110817,716,302283.062207616,62633.208,237133.688,299766.896,147,2015,2015,2,0,1,0,306916.76015,1.22,8,4,2.5,1,2,1842,1024,0,294100.6113045,294100.6113045,0,0,0,0,930,329,1,12815.230428,13671.562905,0,51295.9,75,125,9486,1,0,0,1,0,0,0,0,0,0,0,1826,1826,2866,2866,1.3176,0.8443371,8
"370",290917,716,201970.5139186,61854.188,124643.2,186497.388,140,1997,1997,2,0,1,1,168912.808428,1,0,3,1.5,1,2,1199,0,470,153865.40167089,181284.1125732,921,200,3251.7790578,4360.2622245,920,424,2,11795.8370985,15816.8726352,0,50027.28,70.6,118.9,8396,1,0,0,0,0,0,0,0,0,0,0,1176,706,1199,1669,1,0.8455632,9
"371",290917,716,142121.55006,52350.144,79771.648,132121.792,140,1995,1995,2,0,0,0,101568.125295,1,-2,3,1,0,0,1054,0,500,101567.76360549,135443.9648016,0,0,0,0,0,0,0,0,0,0,47415.58,60,115,6900,1,0,0,0,0,0,0,0,0,0,0,1040,540,1054,1554,0.98,0.8460142,9
"372",210417,713,105638.482292,50897.088,52944.672,103841.76,80,1976,1976,2,0,1,1,77622.075531,0.783,-3,3,1,0,0,1059,0,0,70172.623317195,86283.11542725,911,416,1923.78858525,2722.04111025,910,352,2,5525.50397805,7814.89221975,0,44996.57,75,120,9000,0,1,0,0,0,0,0,0,0,0,1059,0,0,1059,1059,0.75951,0.8492867,4
"373",290717,716,142121.55006,55777.832,94105.616,149883.448,90,1992,1992,2,0,0,0,113134.7048335,0.945,4,3,2,2,2,1057,0,900,113135.441609855,147311.4238218,0,0,0,0,0,0,0,0,0,0,47535.72,56,110,6160,1,0,0,0,0,1,0,0,0,0,0,1027,127,1057,1957,0.9828,0.8494021,7
"374",250617,716,236869.2501,75564.94,152220.508,227785.448,140,1999,1999,2,0,0,1,205430.123535,1,4,3,2.5,1,2,1344,0,1076,189000.83441421,221105.5565355,921,663,14716.955799,19322.2150758,0,0,0,0,0,1713.2661,53736.41,106.7,124.3,13262,1,0,0,0,0,0,1,0,0,0,0,1344,268,1344,2420,1.04,0.8509761,6
"375",130817,736,206595.1455106,53236.128,161069.535,214305.663,142,1996,1996,2,0,1,1,217310.672124,1,0,3,2,1,2,888,838,628,191278.9262748,223649.756694,921,364,7084.3553235,9602.8564905,920,574,2,18947.0097999,25678.4323068,0,48517.04,58.2,115,6693,1,0,0,0,1,0,0,1,1,0,0,838,210,1726,2354,1,0.8522236,8
"376",40817,713,102069.614647,43876.8,56454.816,100331.616,90,1981,1981,2,0,1,0,73359.5637565,0.945,-5,3,1,0,0,864,0,0,67857.74922108,86126.81977935,0,0,0,0,910,528,2,5502.1020579,7816.47832035,0,42888.56,50,120,6000,0,1,0,0,0,0,0,0,0,0,864,0,0,864,864,0.89775,0.8534607,8
"377",101017,713,108493.576408,45631.872,62743.824,108375.696,80,1981,1981,2,0,1,0,88813.5759315,0.783,5,2,1.5,1,0,768,0,500,82956.31820406,101553.6862305,0,0,0,0,910,280,2,5857.57702845,7923.45456315,0,41131.27,50,120,6000,0,1,0,0,0,0,0,0,0,0,0,768,268,768,1268,0.82215,0.857258,10
"378",300417,713,99785.5393542,45631.872,45924.384,91556.256,80,1982,1982,2,0,0,1,62352.391675,0.783,8,3,1,0,0,875,0,0,60250.50408195,75754.1646225,911,240,2102.59715085,2811.44539305,0,0,0,0,0,0,41131.27,50,120,6000,0,1,0,0,0,0,0,0,0,0,875,0,0,875,875,0.84564,0.8592065,4
"379",160917,715,166683.5548245,53703.375,113564.737,167268.112,140,1989,1989,7,0,0,1,148690.557561,1,2,3,2.25,1,1,1234,0,600,142760.81033487,191774.4409035,921,378,5929.6139721,8550.9111051,0,0,0,0,0,0,52554.58,65,110,7150,1,0,0,0,0,1,0,1,0,0,0,1234,634,1234,1834,1.02,0.8596362,9
"380",270817,716,206865.811754,67618.936,112490.488,180109.424,140,1993,1993,2,0,0,1,143969.557641,1,0,4,1.5,1,2,1140,0,912,136688.78587728,175830.7865769,921,448,6899.3225847,9631.9820142,0,0,0,0,0,380.7258,58833.85,77,105,8085,1,0,0,0,1,0,0,0,0,0,0,1140,228,1140,2052,1,0.8607211,8
"381",270517,715,115342.206714,41673.819,68167.484,109841.303,80,1981,1981,2,0,0,0,87623.292722,0.783,8,2,1.5,1,1,987,0,280,87623.93132402,115414.5430746,0,0,0,0,0,0,0,0,0,0,42858.76,50,120,6000,0,1,0,0,0,0,0,0,0,0,0,987,707,987,1267,0.84564,0.8636836,5
"382",300417,737,162865.526292,59928,91889.6,151817.6,90,1996,1996,2,0,1,0,129167.6771245,0.945,0,2,1,0,0,912,0,274,110314.79217059,114800.1787989,0,0,0,0,920,628,1,18853.02871515,19237.94943525,0,47430.46,65,120,7800,1,0,0,0,0,1,0,0,0,0,0,912,638,912,1186,0.945,0.8657205,4
"383",290617,737,143704.87614,56731.84,88533.632,145265.472,90,1989,1989,2,0,0,1,111292.763946,0.945,3,3,1.5,1,1,1022,0,660,107048.482887325,137072.20920435,921,300,4243.8318048,5814.24365025,0,0,0,0,0,0,44923.8,60,102,6120,1,0,0,1,0,0,0,0,0,0,0,1022,362,1022,1682,0.97335,0.8695607,6
"384",11017,713,104210.935234,51335.856,70934.16,122270.016,90,1983,1983,2,0,0,1,95196.8961125,0.945,-1,2,1,1,1,900,0,340,91060.63365553,117467.12950245,921,288,4135.47177015,5744.6991504,0,0,0,0,0,0,45949.33,60,135,8100,1,0,0,0,0,0,0,0,1,0,0,900,560,900,1240,0.93555,0.8697104,10
"385",260517,736,188571.08222925,55353.474,109799.514,165152.988,140,1995,1995,2,0,0,1,139922.442387,1,0,3,2,1,1,1120,0,800,129768.90409938,159640.4219319,921,576,9486.3543957,12995.1233685,0,0,0,0,0,666.27015,47646.87,70,149.1,10437,1,0,0,1,0,0,0,1,1,0,0,1120,320,1120,1920,1,0.8697999,5
"386",190517,737,154881.922062,67438.976,93647.488,161086.464,140,1996,1996,2,0,0,1,119089.126611,1,-3,3,1.5,0,1,1072,0,99,113616.5739618,142696.2202029,921,336,5472.1719234,7415.0156808,0,0,0,0,0,0,53040.73,70,120,8400,1,0,0,0,0,0,0,0,0,0,0,1072,973,1072,1171,0.97,0.8710222,5
"387",310317,713,141327.158742,43876.8,100039.104,143915.904,80,1979,1979,2,1,1,0,142583.8660155,0.783,5,3,1,0,0,1080,0,750,125527.72848644,128006.17840395,0,0,0,0,920,520,2,17055.46344915,17579.11710555,0,42888.56,50,120,6000,0,1,0,0,0,0,0,0,0,0,0,1080,330,1080,1830,0.82215,0.8723111,3
"388",230417,737,227532.720555,59288.768,164602.24,223891.008,140,2004,2004,2,1,0,1,208835.715816,1,6,3,2.25,1,1,1610,0,1100,201425.2688448,234460.465785,921,327,7409.8758825,9176.2532316,0,0,0,0,0,0,53103.11,62.4,110,6864,1,0,0,1,0,0,0,0,0,0,0,1316,216,1610,2710,1.06,0.8723894,4
"389",51017,713,114061.0099342,45631.872,71372.928,117004.8,80,1978,1978,2,0,1,0,101106.6648165,0.783,5,3,1.75,1,0,1061,0,408,94350.57474591,111372.192288,0,0,0,0,910,400,2,6756.4093716,9462.48543135,0,41131.27,50,120,6000,0,1,0,0,0,0,0,0,0,0,0,1061,653,1061,1469,0.82215,0.8736743,10
"390",11017,713,118456.427325782,44023.056,76930.656,120953.712,90,1979,1979,2,0,1,1,102749.752259,0.945,0,3,1.75,0,1,1190,0,650,93572.124548175,138805.96975875,911,336,2173.6699488,3407.68049265,920,336,2,7004.58671745,10978.3270926,0,41805.56,60,110,6600,0,1,1,0,0,0,0,0,0,0,0,1190,540,1190,1840,0.945,0.8758248,10
"391",300417,732,181735.40161,53968.464,100331.616,154300.08,90,1987,1987,2,0,1,0,134301.750408,0.945,3,2,1.75,1,2,1017,0,600,122960.444154555,149485.0937706,0,0,0,0,920,480,2,11340.6054174,15605.46230355,0,45040.9,53.7,141.9,7372,1,1,0,0,0,0,0,0,0,1,0,1017,417,1017,1617,0.97335,0.8782528,4
"392",160317,713,114203.76464,49873.296,82780.896,132654.192,90,1978,1978,2,0,0,1,109199.2408885,0.945,5,3,1,1,1,1297,0,500,105933.650411435,146669.35018365,921,234,3265.35686505,4801.80511755,0,0,0,0,0,0,47669.51,60.9,143.5,8739,0,1,0,0,0,0,0,0,0,0,0,1297,797,1297,1797,0.99225,0.8783386,3
"393",260317,713,121341.49993,45631.872,74444.304,120076.176,90,1983,1983,2,1,1,0,112825.6181675,0.945,-5,2,1,1,0,742,0,580,95238.11964807,104931.329076,0,0,0,0,920,504,2,17588.28920625,18320.9324256,0,41131.27,50,120,6000,0,1,0,0,0,0,0,0,0,0,0,742,162,742,1322,0.89775,0.8834683,3
"394",300717,737,154881.922062,52097.408,93008.256,145105.664,90,1998,1998,2,0,0,1,125368.7863575,0.945,2,3,1,1,1,1186,0,200,121062.84969702,149379.96836385,921,254,4305.2897349,5652.51225525,0,0,0,0,0,0,42614.2,55,120,6600,1,0,0,0,0,0,0,0,0,0,0,1144,944,1186,1386,0.9639,0.8857632,7
"395",90417,716,135805.036724,55466.224,77122.98,132589.204,90,1997,1997,2,0,0,1,99470.1989715,0.945,2,2,1,1,0,912,0,548,94050.849477375,110179.51284375,921,288,4790.4839199,6102.12553335,0,0,0,0,0,628.955425,45137.29,48,120,5760,1,0,0,0,0,0,0,0,0,0,0,912,364,912,1460,0.9639,0.8881361,4
"396",240617,737,170849.130522,56252.416,105633.088,161885.504,140,2008,2008,8,0,0,1,132043.321956,1,-3,3,2.25,1,0,1009,0,960,126562.26008517,137482.7514606,921,264,5480.7382539,6366.4968276,0,0,0,0,0,0,50142.4,52.5,109.5,5748,1,0,0,0,0,0,0,0,0,0,0,960,0,1009,1921,0.97,0.8886812,6
"397",250817,736,127985.99556925,61100.556,68662.506,129763.062,90,1980,1980,2,0,0,1,85798.5050475,0.945,-4,3,1,0,1,1008,0,0,80406.146726185,112634.59541985,921,376,5392.1247093,7746.9338205,0,0,0,0,0,0,48826.79,100,114.7,11470,1,0,0,0,0,1,0,0,0,0,0,1008,1008,1008,1008,0.9072,0.8923465,8
"398",120317,713,119913.952872,51482.112,76784.4,128266.512,90,1982,1982,2,0,0,0,98181.738858,0.945,0,3,1.75,1,1,1048,0,550,98181.70291769,134127.0805014,0,0,0,0,0,0,0,0,0,0,46043.36,60,136.1,8166,0,0,1,0,0,0,0,0,1,0,0,1048,498,1048,1598,0.945,0.8965184,3
"399",21017,713,73518.673487,51920.88,40659.168,92580.048,40,1947,1947,3,0,0,0,49404.251463,0.507,0,2,1,0,1,720,0,0,49404.23355707,72652.7737971,0,0,0,0,0,0,0,0,0,0,46163.22,62.8,110,6908,0,1,0,0,0,0,0,0,0,0,0,720,720,720,720,0.507,0.8997274,10
"400",120617,737,249088.451976,60727.04,177227.072,237954.112,150,2005,2005,2,0,1,0,229475.4972615,1.19,-3,3,2.75,1,1,1370,0,600,207885.23013125,222573.52616625,0,0,0,0,930,624,1,21591.222156,26426.89953855,0,54296.9,62.7,120.5,7556,1,0,0,0,1,0,0,0,0,1,0,1366,766,1370,1970,1.1543,0.8997312,6
"401",300317,713,127765.461691,40220.4,91117.488,131337.888,90,1976,1983,2,0,1,0,121593.256792,0.945,0,2,1.5,1,1,1192,0,600,117561.25717434,153418.401297,0,0,0,0,910,176,2,4031.96367735,5600.75820885,0,39028.91,75,69,5177,0,1,1,0,0,0,0,0,0,1,0,1192,592,1192,1792,0.945,0.9011452,3
"402",10617,716,168966.731738,71358.232,90054.712,161412.944,140,1997,1997,2,0,0,1,118470.447186,1,0,3,2,1,2,1213,0,640,113296.30741884,178936.9380162,921,312,5174.063622,6938.727705,0,0,0,0,0,0,52959.77,87.5,134.6,11774,1,0,0,0,0,1,0,0,0,0,0,1196,556,1213,1853,1,0.9016206,6
"403",290717,737,249088.451976,66000.704,154694.144,220694.848,140,2007,2007,2,0,1,0,203425.602198,1,5,3,2,0,0,1560,0,0,187458.89492421,198576.1073205,0,0,0,0,920,528,1,15967.640052,18926.4506067,0,57073.25,74,130.5,9655,1,0,0,0,1,0,0,0,0,0,0,1560,1560,1560,1560,1.05,0.9019049,7
"404",290417,713,121341.49993,49727.04,70056.624,119783.664,90,1984,1984,2,0,0,0,90053.8377515,0.945,0,2,1.5,1,1,912,0,600,90054.394826305,121416.61016835,0,0,0,0,0,0,0,0,0,0,44793.68,60,120,7200,0,0,0,0,0,0,0,0,0,0,0,912,312,912,1512,0.945,0.9021599,4
"405",101017,713,131334.329336,43730.544,76930.656,120661.2,90,1985,1985,2,0,0,0,94409.8033235,0.945,0,3,1.5,0,1,1180,0,150,94410.66589094,136176.21727605,0,0,0,0,0,0,0,0,0,0,37814.71,60,110,6600,0,1,1,0,0,0,0,0,0,0,0,1180,1030,1180,1330,0.945,0.9031459,10
"406",180617,731,95283.873461,55124.696,63541.94,118666.636,80,1971,1971,2,1,0,1,69884.347722,0.783,0,2,1,0,0,801,0,401,68006.96421687,92788.873506,911,176,1345.85375715,1942.94664585,0,0,0,0,0,532.16835,43947.37,60,110,6600,0,1,0,0,0,0,0,0,0,0,0,801,400,801,1202,0.783,0.9034166,6
"407",40917,716,135015.472557,48143.436,75876.548,124019.984,140,1999,1999,2,0,0,0,96296.976594,1,-2,3,1,0,0,960,0,0,96296.2151424,123202.6785171,0,0,0,0,0,0,0,0,0,0,40206.09,60,106,6360,1,1,0,0,0,0,0,0,0,0,0,960,960,960,960,0.98,0.9051827,9
"408",100717,716,178441.501742,44559.944,115606.568,160166.512,140,1999,1999,2,0,1,0,148458.314823,1,0,3,2.25,1,1,1132,0,800,139643.06579496,167380.9581717,0,0,0,0,920,392,1,8814.7540845,11574.8257716,0,36702.16,65,123.5,8028,1,0,0,0,0,0,0,0,0,0,0,1120,320,1132,1932,1,0.9055675,7
"409",90417,716,177651.937575,60607.756,94261.42,154869.176,140,1996,1996,2,0,0,1,120227.496753,1,-2,3,1.75,1,1,1092,0,633,116131.55341515,147830.8787046,921,242,4096.4192451,5552.6954301,0,0,0,0,0,0,49288.59,75,104.4,7832,1,0,0,0,0,0,0,0,0,0,0,1092,459,1092,1725,0.98,0.905713,4
"410",260817,713,101355.841118,46363.152,55869.792,102232.944,90,1981,1981,2,0,0,0,68327.9203565,0.945,-5,3,1,0,0,828,0,0,67429.574337895,98843.7593682,0,0,0,0,0,0,0,0,0,898.50775,44027.78,60,110,6600,0,1,0,0,0,0,0,0,0,0,0,828,828,828,828,0.89775,0.9059848,8
"411",250617,713,124910.367575,43876.8,83804.688,127681.488,90,1981,1981,2,0,0,1,106722.9535295,0.945,0,2,1.75,1,0,1040,0,500,101695.245593445,133517.35314225,921,368,5028.22907055,7142.0584032,0,0,0,0,0,0,42888.56,50,120,6000,0,1,1,0,0,0,0,0,0,0,0,1040,540,1040,1540,0.945,0.9097328,6
"412",91017,715,118155.431268,49836.732,84206.892,134043.624,90,1988,1988,2,0,0,0,101125.250247,0.945,2,3,1.75,1,1,1024,0,456,101124.405649715,135137.90172015,0,0,0,0,0,0,0,0,0,0,48467.79,54,115,6210,1,0,0,0,0,0,0,0,0,0,0,1024,568,1024,1480,0.9639,0.9098872,10
"413",170817,713,77801.314661,43876.8,41975.472,85852.272,80,1978,1978,2,0,0,0,53720.621038,0.783,-5,2,1,0,0,720,0,0,52301.097442265,69427.21510935,0,0,0,0,0,0,0,0,0,1419.1156,42888.56,50,120,6000,0,1,0,0,0,0,0,0,0,0,720,0,0,720,720,0.74385,0.9142364,8
"414",210917,713,133475.649923,46363.152,86144.784,132507.936,90,1986,1986,2,0,0,1,115057.5114185,0.945,2,3,1.75,1,1,1162,0,600,110994.56719393,143533.3784346,921,280,4062.6926424,5603.99283675,0,0,0,0,0,0,44908.33,60,110,6600,0,1,0,0,0,0,0,0,0,0,0,1162,562,1162,1762,0.9639,0.9190162,9
"415",40517,713,121198.7452242,42853.008,68886.576,111739.584,90,1979,1979,2,0,0,0,83692.4028815,0.945,2,3,1,1,2,1018,0,604,83692.564612895,127192.0382838,0,0,0,0,0,0,0,0,0,0,34433.22,50,121.4,6070,0,1,1,0,0,0,0,0,0,0,0,1018,414,1018,1622,0.9639,0.9193222,5
"416",11017,713,99671.33558956,45631.872,50458.32,96090.192,80,1983,1983,2,0,1,0,71784.1887315,0.783,0,2,1,1,0,832,0,300,67185.207589745,86505.0296292,0,0,0,0,910,284,2,4599.53104905,6084.28074555,0,41131.27,50,120,6000,0,1,0,0,0,0,0,0,0,0,0,832,532,832,1132,0.783,0.9197808,10
"417",160317,716,139752.857559,51259.516,87406.044,138665.56,140,1998,1998,2,0,0,0,105377.286924,1,0,3,1,1,0,1027,0,514,105377.99126673,136211.5080144,0,0,0,0,0,0,0,0,0,0,46300.15,65,125,8125,1,0,0,0,1,0,0,0,0,0,0,960,446,1027,1541,1,0.9204054,3
"418",80917,731,142925.8101915,55124.696,93414.904,148539.6,90,1975,1988,2,0,0,0,106144.3145385,0.945,1,2,1.75,1,1,1113,0,230,106143.829344315,135264.05220825,0,0,0,0,0,0,0,0,0,0,43947.37,60,110,6600,0,1,1,0,0,0,0,0,0,0,0,1113,883,1113,1343,0.95445,0.9205635,9
"419",130517,713,109207.349937,45046.848,79855.776,124902.624,90,1983,1983,2,0,0,1,101292.3726885,0.945,0,3,2,1,1,1022,0,363,97757.85884186,127329.50996955,921,240,3533.83098075,4908.54783825,0,0,0,0,0,0,44000,50,120,6000,0,1,0,0,0,1,0,0,0,0,0,1022,659,1022,1385,0.945,0.9241713,5
"420",70717,737,200787.6463845,58010.304,126727.744,184738.048,140,1999,1999,2,0,1,0,157422.503784,1,5,3,2,1,2,1199,0,738,154451.58614886,193802.9479659,0,0,0,0,920,0,3,2970.8034174,3901.1069097,0,52303.72,80,120.1,9611,1,0,0,1,0,0,1,0,0,1,0,1175,437,1199,1937,1.05,0.9256968,7
"421",270817,715,135034.778592,51841.658,91940.178,143781.836,140,1989,1989,2,0,0,1,120884.248758,1,-2,3,1.5,1,2,1081,0,400,115219.6199427,153546.3344142,921,374,5664.0577266,8167.1394987,0,0,0,0,0,0,50616.58,65,115,7475,1,0,0,0,0,0,0,0,0,0,0,1081,681,1081,1481,0.98,0.9269371,8
"422",130417,716,233710.993432,76811.372,146767.368,223578.74,150,2000,2000,2,0,1,1,212667.0440615,1.19,-5,3,2.75,1,2,1196,0,728,189187.85060084,209892.1212423,931,144,3599.6830569,4677.52511835,930,528,2,19879.0519914,25833.8285478,0,55941.41,100.7,155.1,13686,1,0,0,0,0,0,0,0,0,1,0,1196,468,1196,1924,1.1305,0.9276567,4
"423",280717,737,271442.54382,78785.344,175788.8,254574.144,150,2003,2003,2,0,1,0,219644.462191,1.19,0,3,2.75,2,2,1587,0,1050,215078.6750854,257351.5528731,0,0,0,0,930,0,3,4565.7871056,5720.9862528,0,60084.38,70,199.8,13985,1,0,0,0,0,0,0,0,0,0,0,1555,505,1587,2637,1.19,0.9277469,7
"424",250617,715,185672.820564,52700.912,114567.2,167268.112,140,1989,1989,2,0,1,0,154942.075197,1,0,3,2.25,2,2,1428,0,750,144019.16621274,194299.7951349,0,0,0,0,920,462,1,10923.7846536,16426.7953668,0,44639.81,90,106.5,9585,1,0,1,0,1,0,0,0,0,0,0,1418,668,1428,2178,1,0.9304453,6
"425",60817,736,136316.444985,54899.757,86508.708,141408.465,90,1981,1981,3,0,1,0,115221.039829,0.945,-7,2,1.5,1,1,955,0,532,101194.36346313,120522.235554,0,0,0,0,920,520,2,13127.73733215,18647.6298435,898.50775,45534.97,78.6,130.2,10234,0,0,0,0,0,1,0,0,1,0,0,955,423,955,1487,0.87885,0.9314299,8
"426",11017,715,130814.941761,41673.819,88646.371,130320.19,90,1986,1986,2,1,1,0,123918.594849,0.945,0,3,1,0,2,1056,0,1056,116603.609644235,146696.8445208,0,0,0,0,920,348,1,7315.11099585,10088.8044201,0,42858.76,50,120,6000,0,1,0,0,1,1,0,0,0,0,0,1056,0,1056,2056,0.945,0.9322559,10
"427",140817,737,166857.328407,60407.424,100359.424,160766.848,90,1992,1992,2,0,0,1,127011.2585245,0.945,4,3,1.75,1,1,1050,0,798,122513.18496676,144427.75304895,921,207,3239.47984185,4331.1667581,0,0,0,0,0,1257.91085,42239.08,72.6,110.3,8008,1,0,0,1,0,1,1,0,0,0,0,1008,210,1050,1848,0.9828,0.9326211,8
"428",280917,713,89221.691125,45631.872,45339.36,90971.232,80,1976,1976,2,0,0,0,60088.902293,0.783,1,2,1,0,0,704,0,200,60088.40560254,82655.85595365,0,0,0,0,0,0,0,0,0,0,41131.27,50,120,6000,0,1,0,0,0,0,0,0,0,0,0,704,504,704,904,0.79083,0.9330505,9
"429",280817,716,138963.293392,51882.732,76188.156,128070.888,140,1999,1999,2,0,0,0,97066.04271,1,-2,2,1.5,0,1,900,0,175,96684.97425678,123281.4887577,0,0,0,0,0,0,0,0,0,380.7258,45594.57,52,124,6448,1,0,0,0,0,0,0,0,0,0,0,836,661,900,1075,0.98,0.9344605,8
"430",150917,716,173704.11674,57803.284,87250.24,145053.524,90,1996,1996,2,0,0,1,126669.8255795,0.945,1,3,2,1,1,1072,0,594,122466.085190505,152666.35031025,921,260,4203.39895605,5578.11581355,0,0,0,0,0,0,52289.41,66,120.3,7940,1,0,0,0,0,0,0,0,0,0,0,1040,446,1072,1666,0.95445,0.9346039,9
"431",280417,715,173013.310071,63298.378,111130.184,174428.562,140,1989,1989,2,0,0,1,137381.097672,1,2,3,2.25,1,2,1216,0,700,133001.53264944,180269.859042,921,273,4379.1081516,6313.3855785,0,0,0,0,0,0,55799.42,62,110.2,6832,1,0,0,0,0,0,0,0,0,1,0,1176,476,1216,1916,1.02,0.9350683,4
"432",140817,716,168966.731738,57647.48,109218.604,166866.084,140,2000,2000,2,0,1,0,142520.895972,1,0,3,1.5,1,2,1176,0,450,139185.18591159,172070.1674874,0,0,0,0,920,0,3,3335.7290967,4334.563233,0,48587.17,54,115,6210,1,0,0,0,0,0,0,1,1,0,0,1176,726,1176,1626,1,0.9353475,8
"433",310317,713,117057.431208942,50897.088,72396.72,123293.808,90,1984,1984,2,1,0,0,93353.1582095,0.945,0,3,1,1,0,1123,0,900,93352.90662733,134961.6144996,0,0,0,0,0,0,0,0,0,0,44996.57,75,120,9000,0,1,0,0,0,0,0,0,0,0,0,1123,223,1123,2023,0.945,0.9418126,3
"434",250317,716,134225.90839,52973.36,72916.272,125889.632,90,1998,1998,2,0,0,0,86937.8128745,0.945,2,2,1,0,0,894,0,290,86938.549650855,106896.36552525,0,0,0,0,0,0,0,0,0,0,47929.43,60,120,7200,1,0,0,0,0,0,0,0,0,0,0,836,546,894,1184,0.9639,0.9421188,3
"435",280917,737,144183.8923938,65201.664,87255.168,152456.832,90,1995,1995,2,0,0,1,114155.4096375,0.945,3,3,1.75,1,1,1130,0,380,110719.69570305,136096.9688925,921,274,3435.1748298,4470.2557578,0,0,0,0,0,0,51298.97,68,121.5,8358,1,0,0,0,0,0,1,0,0,0,0,1130,750,1130,1510,0.97335,0.945432,9
"436",51017,737,194799.943212,53535.68,140311.424,193847.104,140,1999,1999,2,0,0,1,179776.819131,1,6,3,2.5,1,2,1325,0,1188,171114.64091085,207843.1636554,931,440,8662.2734016,11374.3736379,0,0,0,0,0,0,49720.68,68,110.8,7536,1,0,0,0,0,0,0,0,0,0,0,1300,112,1325,2513,1.06,0.9458776,10
"437",290617,715,161760.411855,52987.33,108122.795,161110.125,90,1989,1989,2,0,0,1,134276.592191,0.945,3,3,2.5,2,1,1268,0,900,129572.490806185,166491.14995485,921,294,4704.76628055,6444.99609075,0,0,0,0,0,0,51800,60,110,6600,1,0,0,0,0,1,0,1,0,0,0,1268,368,1268,2168,0.97335,0.9461763,6
"438",140817,731,133890.27046675,55124.696,74764.932,129889.628,81,1971,1986,2,0,0,1,81985.856001,0.783,0,3,1,0,0,780,312,0,79696.130719345,95241.1052628,911,296,2289.3882417,3007.8155142,0,0,0,0,0,0,43947.37,60,110,6600,0,1,0,0,0,0,0,0,0,0,780,0,0,1092,1092,0.783,0.9500409,8
"439",10417,715,129408.329484,44824.417,86927.863,131752.28,90,1989,1989,2,0,0,1,111193.9280935,0.945,3,3,1,0,0,1100,0,300,103822.78615436,133960.49716455,921,378,7371.7169841,10531.9484424,0,0,0,0,0,0,38979.05,58,135,7830,1,0,0,0,0,0,0,1,1,0,0,1100,800,1100,1400,0.97335,0.9512138,4
"440",300617,716,233710.993432,62944.816,159075.884,222020.7,150,2002,2002,2,0,1,0,175281.606052,1.19,-6,3,2.5,1,2,1269,0,662,168826.85441496,201179.9943405,0,0,0,0,930,0,3,4510.7776224,5720.9862528,1944.432427,52468.95,70.3,126.6,8900,1,0,0,0,0,0,0,0,0,1,0,1214,552,1269,1931,1.1186,0.9517117,6
"441",260817,713,128479.23522,46363.152,103549.248,149912.4,90,1987,1987,2,1,1,0,140690.1405105,0.945,2,3,1.5,1,0,1085,0,945,126867.191791865,151391.90691765,0,0,0,0,920,636,2,13823.18233065,19021.22936595,0,45217.41,62.5,120,7500,1,1,0,0,0,0,0,0,0,0,0,1085,140,1085,2030,0.9639,0.9565188,8
"442",290917,713,108493.576408,45631.872,59379.936,105011.808,90,1981,1981,2,0,1,0,87909.99826,0.945,0,3,1,0,0,882,0,0,75029.656051735,85840.5552102,0,0,0,0,920,480,2,12880.2882978,18295.0554024,0,41131.27,50,120,6000,0,1,0,0,0,0,0,0,0,0,882,0,0,882,882,0.945,0.9568052,9
"443",60717,731,125676.14344425,55124.696,71959.184,127083.88,81,1971,1971,2,0,0,0,77306.32231,0.783,0,3,1,0,0,780,312,0,77306.39326578,108423.44746065,0,0,0,0,0,0,0,0,0,0,43947.37,60,110,6600,0,1,1,0,0,0,0,0,0,0,0,780,780,1092,1092,0.783,0.9591133,7
"444",100817,716,131067.651722,60607.756,74941.724,135549.48,90,1997,1997,2,0,0,0,91453.712826,0.945,2,3,1,0,0,1036,0,0,91454.054258945,113606.6011038,0,0,0,0,0,0,0,0,0,0,49243.7,60,130,7800,1,0,0,0,0,0,0,0,1,0,0,1000,1000,1036,1036,0.9639,0.9610536,8
"445",290517,737,155680.282485,53216.064,100199.616,153415.68,140,1992,1992,6,1,1,0,132570.627189,1,-2,3,1,0,1,1072,0,0,118181.78088444,142064.025012,0,0,0,0,920,576,1,14389.7219739,20249.0920359,0,42259.29,55,100,5500,1,0,0,0,1,0,0,0,0,0,0,1072,1072,1072,1072,0.98,0.9610984,5
"446",31017,737,153285.201216,57051.456,86935.552,143987.008,90,1990,1990,2,0,0,0,105136.188843,0.945,2,3,1,1,1,1112,0,533,105136.350574395,139069.5919326,0,0,0,0,0,0,0,0,0,0,45217.66,60,105,6300,1,0,1,0,0,0,0,0,0,0,0,1112,579,1112,1645,0.9639,0.962405,10
"447",290617,716,200549.298418,59984.54,119813.276,179797.816,140,1997,1997,2,0,1,0,154902.098988,1,-2,3,2,2,2,1200,0,1000,148146.90015489,184643.8273953,0,0,0,0,920,376,1,6755.4082323,9056.3246046,0,48857.2,107.2,70.7,7573,1,0,0,0,0,0,0,0,0,0,0,1200,200,1200,2200,0.98,0.967509,6
"448",150917,713,102783.388176,41536.704,57771.12,99307.824,90,1977,1977,2,0,1,0,75787.331697,0.945,-2,2,1,1,0,817,0,320,70336.570371935,100333.30551615,0,0,0,0,910,320,2,5450.3480115,8697.9144231,0,35917.65,60,110,6600,0,1,1,0,1,0,0,0,0,0,0,817,497,817,1137,0.9261,0.9676825,9
"449",290517,731,151139.937214,55124.696,84007.396,139132.092,90,1979,1992,2,0,0,0,94688.340726,0.945,2,3,1,0,0,1172,0,0,94688.66418879,117567.40296735,0,0,0,0,0,0,0,0,0,0,43947.37,60,110,6600,0,1,0,0,0,0,0,1,1,0,1172,0,0,1172,1172,0.9639,0.9682893,5
"450",101017,716,180020.630076,57803.284,114360.136,172163.42,90,1996,1996,2,0,0,1,147962.662239,0.945,4,3,1.75,1,2,1216,0,1000,140139.93030471,166081.9695255,921,324,7822.94757615,10071.01396665,0,0,0,0,0,0,46995.68,55,115,6323,1,0,0,0,0,0,0,0,0,0,0,1216,216,1216,2216,0.9828,0.9694594,10
"451",260617,716,147648.499229,53908.184,88340.868,142249.052,90,1991,1991,2,0,0,1,110502.077126,0.945,2,3,1,1,0,1080,0,680,106002.42219462,133206.82886385,921,286,4499.3674089,6064.9273125,0,0,0,0,0,0,48602.88,63.8,120,7656,1,0,0,0,0,0,0,0,0,0,0,1080,400,1080,1760,0.9639,0.9702483,6
"452",220717,716,177651.937575,56712.656,101740.012,158452.668,140,1999,1999,2,0,0,1,136113.280758,1,-2,3,1.5,1,1,1190,0,499,129606.79105374,157617.0546678,921,325,5840.5241349,7666.8657975,0,0,0,0,0,666.27015,49705.34,55,114.3,6287,1,0,0,0,0,0,0,1,1,0,0,1176,677,1190,1689,0.98,0.9706833,7
"453",10617,716,164229.346736,60140.344,97844.912,157985.256,90,1996,1996,2,0,0,1,126554.8165875,0.945,4,3,1.5,1,1,1088,0,700,119785.06385559,141854.6065545,921,360,6770.0761947,8717.3221905,0,0,0,0,0,0,48983.31,66.5,115,7649,1,0,0,0,1,0,0,0,0,0,0,1056,356,1088,1788,0.9828,0.9720048,6
"454",300717,737,153285.201216,49061.056,103715.392,152776.448,140,1998,1998,2,0,0,1,132709.592106,1,0,3,1.5,0,1,1157,0,144,126083.61160941,154411.5337947,921,378,6625.2000087,8789.055093,0,0,0,0,0,0,45560.91,44.9,126.5,5673,1,0,0,0,0,0,0,0,0,0,0,1140,996,1157,1301,1,0.9720569,7
"455",300417,713,124196.594046,53090.928,94481.376,147572.304,90,1985,1985,2,1,1,1,136388.0854035,0.945,0,3,1,1,1,1118,0,950,121715.939040185,144109.1422008,921,242,3574.2638295,4940.89411725,920,528,2,10378.30361715,14348.8093644,718.8062,45810.95,83,120,9960,0,1,1,0,0,0,0,0,0,0,0,1118,168,1118,2068,0.945,0.9735938,4
"456",290417,737,145301.596986,55293.568,92209.216,147502.784,90,1996,1996,4,0,0,1,115742.174324,0.945,4,3,1,0,1,1143,0,500,111074.92972709,133561.0206189,921,264,4667.5680597,6009.9386382,0,0,0,0,0,0,43780.89,52.3,111.1,5812,1,0,0,0,1,0,0,0,0,1,0,1101,601,1143,1643,0.9828,0.9750561,4
"457",300617,716,167387.603404,56712.656,102051.62,158764.276,90,1996,1996,2,0,0,1,130051.8087505,0.945,4,2,2,1,2,1043,0,800,124964.49381031,150465.1860243,921,312,5088.0696867,6550.1214975,0,0,0,0,0,0,46291.31,50,120,6000,1,0,0,0,0,0,0,0,0,0,0,1043,243,1043,1843,0.9828,0.9757848,6
"458",280917,713,145609.799916,51482.112,87899.856,139381.968,90,1982,1982,2,0,1,0,123720.923144,0.945,0,3,1,1,1,1050,0,576,112272.838229545,137740.1598657,0,0,0,0,920,576,1,11447.3481381,16077.71797695,0,46089.12,60.2,136.3,8205,0,0,0,0,1,0,0,0,0,0,0,1050,474,1050,1626,0.945,0.9770232,9
"459",130717,716,181441.8455766,57647.48,115762.372,173409.852,140,1997,1997,2,0,0,1,150030.712377,1,2,3,1.5,1,2,1240,0,1000,142993.71934302,177549.1924752,921,438,7036.3838727,9434.9564127,0,0,0,0,0,0,48740.69,60,125,7500,1,0,0,0,1,0,0,0,0,1,0,1196,196,1240,2240,1.02,0.9821944,7
"460",140717,716,172914.552573,56556.852,126512.848,183069.7,142,2000,2000,2,0,1,0,176125.658709,1,2,4,2,1,1,1331,644,0,161224.37451393,185334.2736336,0,0,0,0,920,506,2,14901.9885378,19366.7599944,0,47817.32,60,121.5,7290,1,0,0,0,0,0,0,1,1,1,1331,0,0,1975,1975,1.02,0.9855728,7
"461",50617,715,115342.206714,41673.819,67737.857,109411.676,90,1985,1985,2,0,0,0,89065.4792265,0.945,2,2,1.75,1,0,907,0,536,89065.101853245,119823.5559276,0,0,0,0,0,0,0,0,0,0,42858.76,50,120,6000,0,1,0,0,0,0,0,0,0,0,0,907,371,907,1443,0.9639,0.9858047,6
"462",110817,737,138914.713602,55772.992,94286.72,150059.712,90,1994,1994,4,0,0,1,117591.3032735,0.945,3,3,1.75,1,1,1152,0,785,113811.910124675,150728.80819815,921,264,3779.66270115,5324.1975234,0,0,0,0,0,0,44259.71,63,115.3,7261,1,0,0,0,1,0,0,0,0,0,0,1152,367,1152,1937,0.97335,0.986446,8
"463",140817,716,132646.780056,51103.712,76032.352,127136.064,140,1999,1999,2,0,0,0,97734.216489,1,-4,2,1,1,1,884,0,362,96592.30559706,122330.6260722,0,0,0,0,0,0,0,0,0,1142.1774,44845.43,51,120,6120,1,0,0,0,0,0,0,0,0,0,0,884,522,884,1246,0.96,0.990151,8
"464",240617,737,162865.526292,51617.984,113144.064,164762.048,140,1999,1999,2,0,1,0,141150.283092,1,0,3,2.25,0,1,1145,0,800,137848.53377295,172140.4113975,0,0,0,0,920,0,3,3301.4637747,4334.563233,0,48038.99,58,110,6380,1,0,0,0,0,0,0,0,0,0,0,1136,336,1145,1945,1,0.9919635,6
"465",200717,716,161071.090068,52661.752,91301.144,143962.896,140,1996,1996,4,0,0,0,112548.257367,1,-3,3,2.25,1,1,1080,0,1080,112548.94267344,148507.6188141,0,0,0,0,0,0,0,0,0,0,43040.43,57,120,6840,1,0,0,0,0,1,0,0,0,0,0,1080,0,1080,2106,0.97,0.9947114,7
"466",51017,713,121341.49993,44023.056,71372.928,115395.984,90,1977,1977,2,0,0,0,87683.574307,0.945,-5,2,2,1,2,1068,0,900,87503.40553297,135058.6533366,0,0,0,0,0,0,0,0,0,179.70155,41805.56,60,110,6600,0,1,1,0,1,0,0,0,0,0,0,1068,168,1068,1968,0.89775,0.9989157,10
